2,1,3,3,0,0,3,1.0,1.0,0.0,0.0,1.0,156,4,0,7,167,6.931275,22.076928,19.673353,22.255383,6.926551,3,3,0,0,6,1,1,0,0,2,1,1,0,0,2,1.0,1.0,0.0,0.0,2.0,0.0,0.0,0.0,0.0,0.0,0.019231,0.75,0.0,0.0,0.035927999999999995,0.006409999999999999,0.25,0.0,0.0,0.011976,0.006409999999999999,0.25,0.0,0.0,0.011976,0.006409999999999999,0.25,0.0,0.0,0.011976,0.0,0.0,0.0,0.0,0.0,6.931275,22.076928,0.0,0.0,13.853102999999999,1.152128,5.9924599999999995,0.0,0.0,2.297197,3.0789169999999997,8.517342999999999,0.0,0.0,6.156594999999999,2.310425,7.358975999999999,0.0,0.0,4.617701,0.6947260000000001,1.0841690000000002,0.0,0.0,2.78795,1,1,0,0,1,1.0,1.0,0.0,0.0,1.0,12.941469,20.592760000000002,0.0,0.0,16.766961,-18.567792999999998,-7.760072,-20.838749,-25.436073999999998,-14.518523000000002,-21.710022,-21.339609,-24.497864,-27.690319,-20.203779,-15.449379,-4.474451999999999,-23.634899,-28.119826,-13.581932,3,62,11089534,2,116,64034,13,3,0,0,0.0
2,1,3,0,3,0,3,1.0,0.0,1.0,0.0,1.0,406,0,5,5,416,6.931275,22.076928,19.673353,22.255383,6.926551,28,0,3,0,31,8,0,1,0,9,10,0,1,0,11,9.333333,0.0,1.0,0.0,10.333333,0.8888889999999999,0.0,0.0,0.0,0.8888889999999999,0.068966,0.0,0.6,0.0,0.074519,0.019704,0.0,0.2,0.0,0.021634999999999998,0.024631,0.0,0.2,0.0,0.026442,0.022989,0.0,0.2,0.0,0.02484,5e-06,0.0,0.0,0.0,5e-06,63.912287,0.0,19.673353,0.0,70.792754,11.521285,0.0,5.373163,0.0,12.634580999999999,30.789171000000003,0.0,7.985784,0.0,33.861273,21.304095999999998,0.0,6.557784,0.0,23.597585000000002,61.919565000000006,0.0,1.167248,0.0,75.339929,1,0,1,0,1,0.994425,0.0,1.0,0.0,0.995455,20.885118,0.0,24.233365,0.0,21.161666,-11.55585,-21.242171,-8.429024,-25.436073999999998,-11.297811,-16.487275,-24.805464,-21.461317,-27.690319,-16.208807999999998,-11.646141,-24.041386,-5.14386,-28.119826,-11.411067999999998,2,54,11089534,2,124,64034,1,2,0,0,0.0
0,1,3,0,2,0,3,1.0,0.0,0.666667,0.0,1.0,146,0,3,7,156,6.931275,22.076928,19.673353,22.255383,6.926551,14,0,2,0,16,1,0,0,0,1,7,0,1,0,8,4.6666669999999995,0.0,0.666667,0.0,5.3333330000000005,6.888889,0.0,0.22222199999999998,0.0,9.555556,0.09589,0.0,0.666667,0.0,0.10256400000000002,0.006848999999999999,0.0,0.0,0.0,0.006409999999999999,0.047945,0.0,0.333333,0.0,0.05128200000000001,0.031963,0.0,0.22222199999999998,0.0,0.034187999999999996,0.000323,0.0,0.024691,0.0,0.000393,29.238630999999998,0.0,11.687569,0.0,33.436525,2.700229,0.0,0.0,0.0,2.699655,18.473503,0.0,6.314406,0.0,21.548083,9.746210000000001,0.0,3.8958559999999998,0.0,11.145508,42.879431,0.0,7.736505,0.0,61.124916000000006,1,0,0,0,1,0.8519030000000001,0.0,0.720414,0.0,0.8427889999999999,18.140878,0.0,17.748073,0.0,18.279204999999997,-12.609065,-21.242171,-14.935056,-25.436073999999998,-12.487989,-18.832941,-24.805464,-23.925663,-27.690319,-18.589543,-11.525277,-24.041386,-14.689844,-28.119826,-11.436378,3,45,3,1,124,3344,14,67,0,0,0.0
2,1,3,0,3,0,3,1.0,0.0,1.0,0.0,1.0,287,1,4,7,299,6.931275,22.076928,19.673353,22.255383,6.926551,7,0,3,0,10,2,0,1,0,3,3,0,1,0,4,2.333333,0.0,1.0,0.0,3.333333,0.22222199999999998,0.0,0.0,0.0,0.22222199999999998,0.024390000000000002,0.0,0.75,0.0,0.033444999999999996,0.0069689999999999995,0.0,0.25,0.0,0.010033,0.010453,0.0,0.25,0.0,0.013378,0.00813,0.0,0.25,0.0,0.011148,3e-06,0.0,0.0,0.0,2e-06,15.014676999999999,0.0,19.673353,0.0,21.928252,3.456385,0.0,5.373163,0.0,4.594393,6.157833999999999,0.0,7.985784,0.0,9.234893,5.004892,0.0,6.557784,0.0,7.309417,1.29454,0.0,1.167248,0.0,3.9007330000000002,1,0,1,0,1,0.989585,0.0,1.0,0.0,0.995185,15.572998000000002,0.0,26.759999,0.0,17.53163,-15.555639999999999,-21.242171,-7.761830000000001,-25.436073999999998,-14.198901000000001,-20.103510999999997,-24.805464,-21.45982,-27.690319,-19.180736,-14.798285,-24.041386,-4.474536,-28.119826,-13.825417000000002,3,56,11089534,13,123,63933,1,3,0,0,0.0
1,1,3,0,3,0,3,1.0,0.0,1.0,0.0,1.0,2009,2,4,7,2022,6.931275,22.076928,19.673353,22.255383,6.926551,8,0,3,0,11,2,0,1,0,3,3,0,1,0,4,2.666667,0.0,1.0,0.0,3.666667,0.22222199999999998,0.0,0.0,0.0,0.22222199999999998,0.003982,0.0,0.75,0.0,0.0054399999999999995,0.0009960000000000001,0.0,0.25,0.0,0.001484,0.001493,0.0,0.25,0.0,0.001978,0.001327,0.0,0.25,0.0,0.001813,0.0,0.0,0.0,0.0,0.0,17.714906,0.0,19.673353,0.0,24.627907999999998,3.456385,0.0,5.373163,0.0,4.594393,8.100686999999999,0.0,7.985784,0.0,10.798622,5.904969,0.0,6.557784,0.0,8.209303,3.626893,0.0,1.167248,0.0,6.941327,1,0,1,0,1,0.9805510000000001,0.0,1.0,0.0,0.9899379999999999,7.802556,0.0,26.759999,0.0,9.749707,-20.673887,-21.242171,-7.761830000000001,-25.436073999999998,-19.469471,-21.419394,-24.805464,-21.45982,-27.690319,-20.58994,-20.168345000000002,-24.041386,-4.474536,-28.119826,-19.226044,3,64,5,7,256,49697,1,13,0,0,0.0
1,1,3,0,3,0,3,1.0,0.0,1.0,0.0,1.0,935,3,4,7,949,6.931275,22.076928,19.673353,22.255383,6.926551,22,0,3,0,25,2,0,1,0,3,11,0,1,0,12,7.3333330000000005,0.0,1.0,0.0,8.333333,14.888889,0.0,0.0,0.0,14.888889,0.023528999999999998,0.0,0.75,0.0,0.026344,0.002139,0.0,0.25,0.0,0.0031609999999999997,0.011765000000000001,0.0,0.25,0.0,0.012645,0.007843000000000001,0.0,0.25,0.0,0.008781,1.7e-05,0.0,0.0,0.0,1.7e-05,45.784125,0.0,19.673353,0.0,52.665121,5.400458,0.0,5.373163,0.0,8.098966,27.710254,0.0,7.985784,0.0,30.782976,15.261375,0.0,6.557784,0.0,17.555039999999998,86.303274,0.0,1.167248,0.0,92.87418000000001,1,0,1,0,1,0.8713190000000001,0.0,1.0,0.0,0.898802,15.468397,0.0,26.759999,0.0,16.692247000000002,-15.755644,-21.242171,-7.761830000000001,-25.436073999999998,-15.038405,-18.401835000000002,-24.805464,-21.45982,-27.690319,-17.869366,-15.535053,-24.041386,-4.474536,-28.119826,-14.984541,3,62,6,7,210,49923,5,15,0,0,0.0
1,1,3,0,3,0,3,1.0,0.0,1.0,0.0,1.0,1363,4,4,7,1378,6.931275,22.076928,19.673353,22.255383,6.926551,22,0,3,0,25,2,0,1,0,3,10,0,1,0,11,7.3333330000000005,0.0,1.0,0.0,8.333333,14.222222,0.0,0.0,0.0,14.222222,0.016141,0.0,0.75,0.0,0.018142,0.001467,0.0,0.25,0.0,0.002177,0.007337000000000001,0.0,0.25,0.0,0.007983,0.005379999999999999,0.0,0.25,0.0,0.006047,8e-06,0.0,0.0,0.0,7.000000000000001e-06,47.710914,0.0,19.673353,0.0,54.594820999999996,5.400458,0.0,5.373163,0.0,8.098966,30.789171000000003,0.0,7.985784,0.0,33.861273,15.903638,0.0,6.557784,0.0,18.198273999999998,117.03363700000001,0.0,1.167248,0.0,126.093411,1,0,1,0,1,0.8686959999999999,0.0,1.0,0.0,0.8952459999999999,14.026719,0.0,26.759999,0.0,15.256367000000001,-16.858034,-21.242171,-7.761830000000001,-25.436073999999998,-16.135572,-18.791859,-24.805464,-21.45982,-27.690319,-18.26152,-16.648405,-24.041386,-4.474536,-28.119826,-16.089317,3,62,6,7,256,50023,3,14,0,0,0.0
2,1,3,0,3,0,3,1.0,0.0,1.0,0.0,1.0,489,0,4,10,503,6.931275,22.076928,19.673353,22.255383,6.926551,49,0,3,0,52,4,0,1,0,5,23,0,1,0,24,16.333333,0.0,1.0,0.0,17.333333,76.222222,0.0,0.0,0.0,76.222222,0.100204,0.0,0.75,0.0,0.10338,0.00818,0.0,0.25,0.0,0.009940000000000001,0.047035,0.0,0.25,0.0,0.047714,0.033401,0.0,0.25,0.0,0.034460000000000005,0.000319,0.0,0.0,0.0,0.000301,105.036047,0.0,19.673353,0.0,111.86548,10.800916,0.0,5.373163,0.0,13.498276999999998,67.736176,0.0,7.985784,0.0,70.800844,35.012015999999996,0.0,6.557784,0.0,37.288493,576.506755,0.0,1.167248,0.0,594.5239690000001,1,0,1,0,1,0.860834,0.0,1.0,0.0,0.8745930000000001,20.435484,0.0,26.759999,0.0,20.870281,-11.206134,-21.242171,-7.761830000000001,-25.436073999999998,-10.938158,-15.716023000000002,-24.805464,-21.45982,-27.690319,-15.438229000000002,-11.276709,-24.041386,-4.474536,-28.119826,-11.05159,3,73,0,17,115,63318,1,3,0,0,0.0
1,1,3,0,3,0,3,1.0,0.0,1.0,0.0,1.0,1295,2,4,7,1308,6.931275,22.076928,19.673353,22.255383,6.926551,15,0,3,0,18,3,0,1,0,4,7,0,1,0,8,5.0,0.0,1.0,0.0,6.0,2.666667,0.0,0.0,0.0,2.666667,0.011583,0.0,0.75,0.0,0.013761,0.002317,0.0,0.25,0.0,0.003058,0.005405,0.0,0.25,0.0,0.006116,0.003861,0.0,0.25,0.0,0.004587,2e-06,0.0,0.0,0.0,2e-06,31.560171999999998,0.0,19.673353,0.0,38.457194,8.064899,0.0,5.373163,0.0,9.188786,15.394585999999999,0.0,7.985784,0.0,18.469785,10.520057000000001,0.0,6.557784,0.0,12.819065,11.880727,0.0,1.167248,0.0,16.397251,1,0,1,0,1,0.960116,0.0,1.0,0.0,0.972952,13.208905999999999,0.0,26.759999,0.0,14.530013,-17.299188,-21.242171,-7.761830000000001,-25.436073999999998,-16.624509,-19.33689,-24.805464,-21.45982,-27.690319,-18.794757999999998,-17.137203,-24.041386,-4.474536,-28.119826,-16.567386,3,51,11089534,15,124,63363,1,3,0,0,0.0
0,1,3,0,3,0,3,1.0,0.0,1.0,0.0,1.0,510,0,4,5,519,6.931275,22.076928,19.673353,22.255383,6.926551,49,0,3,0,52,4,0,1,0,5,23,0,1,0,24,16.333333,0.0,1.0,0.0,17.333333,76.222222,0.0,0.0,0.0,76.222222,0.096078,0.0,0.75,0.0,0.10019299999999999,0.007843000000000001,0.0,0.25,0.0,0.009634,0.045098,0.0,0.25,0.0,0.046243,0.032026,0.0,0.25,0.0,0.033398000000000004,0.000293,0.0,0.0,0.0,0.000283,105.036047,0.0,19.673353,0.0,111.86548,10.800916,0.0,5.373163,0.0,13.498276999999998,67.736176,0.0,7.985784,0.0,70.800844,35.012015999999996,0.0,6.557784,0.0,37.288493,576.506755,0.0,1.167248,0.0,594.5239690000001,1,0,1,0,1,0.860834,0.0,1.0,0.0,0.8745930000000001,20.347854,0.0,26.759999,0.0,20.810033999999998,-11.331812,-21.242171,-7.761830000000001,-25.436073999999998,-11.031877,-15.741228,-24.805464,-21.45982,-27.690319,-15.457345000000002,-11.402698,-24.041386,-4.474536,-28.119826,-11.145427,2,48,1,1,541,63363,1,5,0,0,0.0
0,1,3,0,3,0,3,1.0,0.0,1.0,0.0,1.0,164,1,10,10,185,6.931275,22.076928,19.673353,22.255383,6.926551,7,0,3,0,10,2,0,1,0,3,3,0,1,0,4,2.333333,0.0,1.0,0.0,3.333333,0.22222199999999998,0.0,0.0,0.0,0.22222199999999998,0.042683,0.0,0.3,0.0,0.054054,0.012195000000000001,0.0,0.1,0.0,0.016216,0.018293,0.0,0.1,0.0,0.021622,0.014228,0.0,0.1,0.0,0.018018,8e-06,0.0,0.0,0.0,6e-06,15.014676999999999,0.0,19.673353,0.0,21.928252,3.456385,0.0,5.373163,0.0,4.594393,6.157833999999999,0.0,7.985784,0.0,9.234893,5.004892,0.0,6.557784,0.0,7.309417,1.29454,0.0,1.167248,0.0,3.9007330000000002,1,0,1,0,1,0.989585,0.0,1.0,0.0,0.995185,17.086598000000002,0.0,16.461859,0.0,18.680795,-13.906925,-21.242171,-10.497324,-25.436073999999998,-12.777452,-19.937663,-24.805464,-21.468789,-27.690319,-19.028160999999997,-13.124289000000001,-24.041386,-7.222766,-28.119826,-12.388380999999999,2,44,5,30,16711,61690,3,4,0,0,0.0
0,1,3,1,3,0,3,1.0,0.333333,1.0,0.0,1.0,666,3,4,7,680,6.931275,22.076928,19.673353,22.255383,6.926551,16,1,3,0,20,2,0,1,0,3,11,1,1,0,13,5.3333330000000005,0.333333,1.0,0.0,6.6666669999999995,16.222222,0.22222199999999998,0.0,0.0,20.222222,0.024024,0.333333,0.75,0.0,0.029412,0.003003,0.0,0.25,0.0,0.004412,0.016517,0.333333,0.25,0.0,0.019118,0.008008,0.11111099999999999,0.25,0.0,0.009804,3.7e-05,0.024691,0.0,0.0,4.4e-05,27.310622,5.9924599999999995,19.673353,0.0,35.343934000000004,5.400458,0.0,5.373163,0.0,8.098966,12.673413,5.9924599999999995,7.985784,0.0,14.931778,9.103541,1.9974869999999998,6.557784,0.0,11.781311,8.824852,7.979907000000001,1.167248,0.0,7.922666,1,0,1,0,1,0.7952130000000001,0.46564099999999997,1.0,0.0,0.841036,14.337614000000002,6.57647,26.759999,0.0,16.096093,-16.021352,-21.242171,-7.761830000000001,-25.436073999999998,-14.992026999999998,-19.157904000000002,-24.805464,-21.45982,-27.690319,-18.389395,-15.617916000000001,-24.041386,-4.474536,-28.119826,-14.823006,3,66,6,7,220,48022,7,18,0,0,0.0
0,1,3,0,3,0,3,1.0,0.0,1.0,0.0,1.0,1475,1,4,7,1487,6.931275,22.076928,19.673353,22.255383,6.926551,9,0,3,0,12,2,0,1,0,3,4,0,1,0,5,3.0,0.0,1.0,0.0,4.0,0.666667,0.0,0.0,0.0,0.666667,0.006102000000000001,0.0,0.75,0.0,0.00807,0.001356,0.0,0.25,0.0,0.002017,0.002712,0.0,0.25,0.0,0.0033619999999999995,0.002034,0.0,0.25,0.0,0.0026899999999999997,0.0,0.0,0.0,0.0,0.0,18.867035,0.0,19.673353,0.0,25.776506,4.6085139999999996,0.0,5.373163,0.0,5.742991,8.100686999999999,0.0,7.985784,0.0,10.798622,6.2890120000000005,0.0,6.557784,0.0,8.592169,2.0411490000000003,0.0,1.167248,0.0,4.4664470000000005,1,0,1,0,1,0.9684309999999999,0.0,1.0,0.0,0.98316,9.599771,0.0,26.759999,0.0,11.592912,-19.468448000000002,-21.242171,-7.761830000000001,-25.436073999999998,-18.335164000000002,-20.784941,-24.805464,-21.45982,-27.690319,-19.991092000000002,-18.982129,-24.041386,-4.474536,-28.119826,-18.100689000000003,3,55,6,7,220,48022,1,13,0,0,0.0
0,1,3,0,3,0,3,1.0,0.0,1.0,0.0,1.0,1601,0,1593,5,3199,6.931275,22.076928,19.673353,22.255383,6.926551,205,0,205,0,410,2,0,2,0,4,196,0,196,0,392,68.333333,0.0,68.333333,0.0,136.666667,8153.555556,0.0,8153.555556,0.0,32614.22222,0.128045,0.0,0.12868800000000002,0.0,0.128165,0.0012490000000000001,0.0,0.001255,0.0,0.00125,0.122423,0.0,0.12303800000000001,0.0,0.12253800000000001,0.042682,0.0,0.042896,0.0,0.042722,0.003181,0.0,0.003213,0.0,0.003187,616.933111,0.0,1291.207316,0.0,1233.5716400000001,5.400458,0.0,15.971567000000002,0.0,10.798622,603.467754,0.0,1237.6236099999999,0.0,1206.692642,205.64437,0.0,430.40243899999996,0.0,411.19054700000004,79132.90536,0.0,325881.0621,0.0,316416.4413,1,0,1,0,1,0.719317,0.0,0.5713630000000001,0.0,0.719428,16.010314,0.0,7.375994,0.0,16.264682999999998,-14.685626999999998,-21.242171,-14.693263,-25.436073999999998,-14.428995,-16.351573000000002,-24.805464,-16.424232,-27.690319,-15.518556,-14.505591,-24.041386,-14.498349,-28.119826,-14.503055999999999,2,25,0,0,1322,11454,1,4,0,0,0.0
0,1,3,0,3,0,3,1.0,0.0,1.0,0.0,1.0,1268,0,4,7,1279,6.931275,22.076928,19.673353,22.255383,6.926551,15,0,3,0,18,3,0,1,0,4,7,0,1,0,8,5.0,0.0,1.0,0.0,6.0,2.666667,0.0,0.0,0.0,2.666667,0.01183,0.0,0.75,0.0,0.014072999999999999,0.002366,0.0,0.25,0.0,0.003127,0.005521,0.0,0.25,0.0,0.006255,0.003943,0.0,0.25,0.0,0.004691,2e-06,0.0,0.0,0.0,2e-06,31.560171999999998,0.0,19.673353,0.0,38.457194,8.064899,0.0,5.373163,0.0,9.188786,15.394585999999999,0.0,7.985784,0.0,18.469785,10.520057000000001,0.0,6.557784,0.0,12.819065,11.880727,0.0,1.167248,0.0,16.397251,1,0,1,0,1,0.960116,0.0,1.0,0.0,0.972952,13.315239000000002,0.0,26.759999,0.0,14.640131,-17.237032,-21.242171,-7.761830000000001,-25.436073999999998,-16.558097,-19.312206,-24.805464,-21.45982,-27.690319,-18.768342,-17.074485,-24.041386,-4.474536,-28.119826,-16.500564,3,53,0,1,208,48022,2,13,0,0,0.0
0,1,3,0,2,2,3,1.0,0.0,0.666667,0.666667,1.0,741,0,9,12,762,6.931275,22.076928,19.673353,22.255383,6.926551,68,0,2,2,72,1,0,0,0,1,35,0,1,1,37,22.666667,0.0,0.666667,0.666667,24.0,236.22222200000002,0.0,0.22222199999999998,0.22222199999999998,266.0,0.09176799999999999,0.0,0.22222199999999998,0.166667,0.094488,0.00135,0.0,0.0,0.0,0.001312,0.047233,0.0,0.11111099999999999,0.083333,0.048556,0.030588999999999998,0.0,0.074074,0.055555999999999994,0.031495999999999996,0.00043,0.0,0.0027429999999999998,0.0015429999999999999,0.000458,141.550073,0.0,11.687569,13.366322,149.85990900000002,2.700229,0.0,0.0,0.0,2.699655,98.525348,0.0,6.314406,7.49424,104.66211700000001,47.183358,0.0,3.8958559999999998,4.455441,49.953303000000005,1553.930881,0.0,7.736505,10.364042,1760.5136760000003,1,0,0,0,1,0.7936949999999999,0.0,0.720414,0.731014,0.792798,16.72776,0.0,10.449928,10.889497,16.755041000000002,-13.966048,-21.242171,-17.119535,-18.743972,-13.932493,-16.459027,-24.805464,-23.934635999999998,-25.595508,-16.371578,-13.106894,-24.041386,-16.886457,-18.503429999999998,-13.074479,7,72,0,5,10122,65535,57,35,0,0,0.0
0,1,0,0,0,0,0,0.0,0.0,0.0,0.0,0.0,21,3,3,10,37,6.931275,22.076928,19.673353,22.255383,6.926551,0,0,0,0,0,0,0,0,0,0,0,0,0,0,0,0.0,0.0,0.0,0.0,0.0,0.0,0.0,0.0,0.0,0.0,0.0,0.0,0.0,0.0,0.0,0.0,0.0,0.0,0.0,0.0,0.0,0.0,0.0,0.0,0.0,0.0,0.0,0.0,0.0,0.0,0.0,0.0,0.0,0.0,0.0,0.0,0.0,0.0,0.0,0.0,0.0,0.0,0.0,0.0,0.0,0.0,0.0,0.0,0.0,0.0,0.0,0.0,0.0,0.0,0.0,0.0,0.0,0.0,0.0,0.0,0,0,0,0,0,0.0,0.0,0.0,0.0,0.0,0.0,0.0,0.0,0.0,0.0,-30.363118,-21.242171,-20.838749,-25.436073999999998,-30.366374,-28.080339000000002,-24.805464,-24.497864,-27.690319,-28.098015000000004,-30.727024,-24.041386,-23.634899,-28.119826,-30.739884999999997,4,62,1,0,1049,60996,79,9,0,0,0.0
2,1,3,0,3,0,3,1.0,0.0,1.0,0.0,1.0,327,1,3,6,337,6.931275,22.076928,19.673353,22.255383,6.926551,10,0,3,0,13,3,0,1,0,4,4,0,1,0,5,3.333333,0.0,1.0,0.0,4.3333330000000005,0.22222199999999998,0.0,0.0,0.0,0.22222199999999998,0.030581,0.0,1.0,0.0,0.038576,0.009174,0.0,0.333333,0.0,0.011869,0.012232,0.0,0.333333,0.0,0.014837000000000001,0.010194,0.0,0.333333,0.0,0.012859,2e-06,0.0,0.0,0.0,2e-06,23.872741,0.0,19.673353,0.0,30.784503000000004,3.456385,0.0,5.373163,0.0,4.594393,12.315667999999999,0.0,7.985784,0.0,15.391488,7.95758,0.0,6.557784,0.0,10.261500999999999,13.091389,0.0,1.167248,0.0,19.573792,1,0,1,0,1,0.9899610000000001,0.0,1.0,0.0,0.9938899999999999,17.595473000000002,0.0,29.874827000000003,0.0,18.747069,-14.455214999999999,-21.242171,-6.901022,-25.436073999999998,-13.57417,-19.153105,-24.805464,-21.458323,-27.690319,-18.482719,-14.091448000000002,-24.041386,-3.611597,-28.119826,-13.385779000000001,2,46,222,0,1066,203,11,71,3576,1037,98.21897609
0,1,3,0,2,2,3,1.0,0.0,0.666667,0.666667,1.0,741,0,9,13,763,6.931275,22.076928,19.673353,22.255383,6.926551,68,0,2,2,72,1,0,0,0,1,35,0,1,1,37,22.666667,0.0,0.666667,0.666667,24.0,236.22222200000002,0.0,0.22222199999999998,0.22222199999999998,266.0,0.09176799999999999,0.0,0.22222199999999998,0.153846,0.094364,0.00135,0.0,0.0,0.0,0.0013109999999999999,0.047233,0.0,0.11111099999999999,0.076923,0.048493,0.030588999999999998,0.0,0.074074,0.05128200000000001,0.031455000000000004,0.00043,0.0,0.0027429999999999998,0.001315,0.00045700000000000005,141.550073,0.0,11.687569,13.366322,149.85990900000002,2.700229,0.0,0.0,0.0,2.699655,98.525348,0.0,6.314406,7.49424,104.66211700000001,47.183358,0.0,3.8958559999999998,4.455441,49.953303000000005,1553.930881,0.0,7.736505,10.364042,1760.5136760000003,1,0,0,0,1,0.7936949999999999,0.0,0.720414,0.731014,0.792798,16.72776,0.0,10.449928,10.329267999999999,16.752113,-13.966048,-21.242171,-17.119535,-18.903119,-13.936148000000001,-16.459027,-24.805464,-23.934635999999998,-25.596998000000003,-16.372664,-13.106894,-24.041386,-16.886457,-18.66347,-13.078398,8,78,0,5,3492,65535,101,56,0,0,0.0
0,1,3,0,0,0,3,1.0,0.0,0.0,0.0,1.0,2032,0,6,13,2051,6.931275,22.076928,19.673353,22.255383,6.926551,42,0,0,0,42,2,0,0,0,2,24,0,0,0,24,14.0,0.0,0.0,0.0,14.0,82.666667,0.0,0.0,0.0,82.666667,0.020669,0.0,0.0,0.0,0.020478,0.000984,0.0,0.0,0.0,0.000975,0.011811,0.0,0.0,0.0,0.011701999999999999,0.00689,0.0,0.0,0.0,0.0068260000000000005,2e-05,0.0,0.0,0.0,2e-05,82.314215,0.0,0.0,0.0,82.21843100000001,5.400458,0.0,0.0,0.0,5.399311,49.262674,0.0,0.0,0.0,49.252761,27.438072,0.0,0.0,0.0,27.406144,320.67168399999997,0.0,0.0,0.0,320.53368,1,0,0,0,1,0.821205,0.0,0.0,0.0,0.821175,13.920762,0.0,0.0,0.0,13.965276000000001,-16.651804000000002,-21.242171,-20.838749,-25.436073999999998,-16.679541,-18.073534,-24.805464,-24.497864,-27.690319,-18.089557,-16.500438,-24.041386,-23.634899,-28.119826,-16.528394,3,65,0,0,280,20296,16,2,0,0,0.0
2,1,3,3,3,0,3,1.0,1.0,1.0,0.0,1.0,510,10,4,5,529,6.931275,22.076928,19.673353,22.255383,6.926551,49,7,3,0,59,4,2,1,0,8,23,3,1,0,26,16.333333,2.333333,1.0,0.0,19.666667,76.222222,0.22222199999999998,0.0,0.0,68.222222,0.096078,0.7,0.75,0.0,0.11153099999999999,0.007843000000000001,0.2,0.25,0.0,0.015123,0.045098,0.3,0.25,0.0,0.049149,0.032026,0.23333299999999998,0.25,0.0,0.037176999999999995,0.000293,0.002222,0.0,0.0,0.000244,105.036047,52.6712,19.673353,0.0,128.418238,10.800916,11.984921,5.373163,0.0,21.597244,67.736176,25.55203,7.985784,0.0,76.95743900000001,35.012015999999996,17.557067,6.557784,0.0,42.806079,576.506755,33.612765,1.167248,0.0,594.54633,1,1,1,0,1,0.860834,0.9799129999999999,1.0,0.0,0.9099309999999999,20.347854,21.468743,26.759999,0.0,21.600491,-11.331812,-5.546487,-7.761830000000001,-25.436073999999998,-10.394392,-15.741228,-19.477109,-21.45982,-27.690319,-14.858462,-11.402698,-4.738302,-4.474536,-28.119826,-10.56988,2,43,11089534,17,115,63540,1,4,0,0,0.0
2,1,3,0,3,0,3,1.0,0.0,1.0,0.0,1.0,1503,2,4,7,1516,6.931275,22.076928,19.673353,22.255383,6.926551,11,0,3,0,14,2,0,1,0,3,5,0,1,0,6,3.666667,0.0,1.0,0.0,4.6666669999999995,1.555556,0.0,0.0,0.0,1.555556,0.007319,0.0,0.75,0.0,0.009235,0.0013310000000000002,0.0,0.25,0.0,0.001979,0.003327,0.0,0.25,0.0,0.003958,0.00244,0.0,0.25,0.0,0.003078,1e-06,0.0,0.0,0.0,1e-06,24.267492999999998,0.0,19.673353,0.0,31.175817,4.6085139999999996,0.0,5.373163,0.0,5.742991,13.501145000000001,0.0,7.985784,0.0,16.197933,8.089164,0.0,6.557784,0.0,10.391939,15.044832000000001,0.0,1.167248,0.0,18.887010999999998,1,0,1,0,1,0.921918,0.0,1.0,0.0,0.951166,10.705181,0.0,26.759999,0.0,12.437723,-18.895065,-21.242171,-7.761830000000001,-25.436073999999998,-17.914751000000003,-20.32919,-24.805464,-21.45982,-27.690319,-19.629811,-18.529615,-24.041386,-4.474536,-28.119826,-17.754203,3,63,11089534,15,283,63540,1,3,0,0,0.0
0,1,1,0,0,0,1,0.333333,0.0,0.0,0.0,0.333333,4199,2,3,6,4210,6.931275,22.076928,19.673353,22.255383,6.926551,1,0,0,0,1,0,0,0,0,0,1,0,0,0,1,0.333333,0.0,0.0,0.0,0.333333,0.22222199999999998,0.0,0.0,0.0,0.22222199999999998,0.00023799999999999998,0.0,0.0,0.0,0.00023799999999999998,0.0,0.0,0.0,0.0,0.0,0.00023799999999999998,0.0,0.0,0.0,0.00023799999999999998,7.900000000000001e-05,0.0,0.0,0.0,7.900000000000001e-05,0.0,0.0,0.0,0.0,0.0,1.152128,0.0,0.0,0.0,1.148598,0.0,0.0,0.0,0.0,0.0,1.152128,0.0,0.0,0.0,1.148598,0.38404299999999997,0.0,0.0,0.0,0.382866,0.294978,0.0,0.0,0.0,0.293173,0,0,0,0,0,0.323574,0.0,0.0,0.0,0.323085,0.348174,0.0,0.0,0.0,0.35338800000000004,-30.363118,-21.242171,-20.838749,-25.436073999999998,-30.366374,-28.080339000000002,-24.805464,-24.497864,-27.690319,-28.098015000000004,-30.727024,-24.041386,-23.634899,-28.119826,-30.739884999999997,2,34,2,0,283,57867,17,10,0,0,0.0
1,1,3,0,3,0,3,1.0,0.0,1.0,0.0,1.0,1438,2,4,7,1451,6.931275,22.076928,19.673353,22.255383,6.926551,11,0,3,0,14,3,0,1,0,4,5,0,1,0,6,3.666667,0.0,1.0,0.0,4.6666669999999995,0.8888889999999999,0.0,0.0,0.0,0.8888889999999999,0.00765,0.0,0.75,0.0,0.009649,0.0020859999999999997,0.0,0.25,0.0,0.002757,0.0034770000000000005,0.0,0.25,0.0,0.004135,0.00255,0.0,0.25,0.0,0.0032159999999999997,0.0,0.0,0.0,0.0,0.0,23.09808,0.0,19.673353,0.0,30.003402,5.760642,0.0,5.373163,0.0,6.891589999999999,9.236751,0.0,7.985784,0.0,12.313189999999999,7.69936,0.0,6.557784,0.0,10.001134,2.094421,0.0,1.167248,0.0,5.216952,1,0,1,0,1,0.982281,0.0,1.0,0.0,0.989609,10.979923,0.0,26.759999,0.0,12.670023,-18.600382,-21.242171,-7.761830000000001,-25.436073999999998,-17.716791,-20.215679,-24.805464,-21.45982,-27.690319,-19.546645,-18.28721,-24.041386,-4.474536,-28.119826,-17.563345,3,62,0,15,280,63568,1,3,0,0,0.0
0,1,3,0,0,0,3,1.0,0.0,0.0,0.0,1.0,1056,0,5,9,1070,6.931275,22.076928,19.673353,22.255383,6.926551,30,0,0,0,30,3,0,0,0,3,18,0,0,0,18,10.0,0.0,0.0,0.0,10.0,38.0,0.0,0.0,0.0,38.0,0.028408999999999997,0.0,0.0,0.0,0.028037,0.002841,0.0,0.0,0.0,0.002804,0.017044999999999998,0.0,0.0,0.0,0.016822,0.009470000000000001,0.0,0.0,0.0,0.009346,3.4e-05,0.0,0.0,0.0,3.3e-05,73.890351,0.0,0.0,0.0,73.84570699999999,8.100686999999999,0.0,0.0,0.0,8.098966,55.420508,0.0,0.0,0.0,55.409356,24.630117000000002,0.0,0.0,0.0,24.615236,474.8817480000001,0.0,0.0,0.0,474.97400999999996,1,0,0,0,1,0.8442700000000001,0.0,0.0,0.0,0.844249,16.934287,0.0,0.0,0.0,16.959572,-15.042419,-21.242171,-20.838749,-25.436073999999998,-15.0819,-17.652068,-24.805464,-24.497864,-27.690319,-17.667506,-15.001969,-24.041386,-23.634899,-28.119826,-15.041401,3,46,1,0,271,14472,31,2,0,0,0.0
1,1,3,0,3,0,3,1.0,0.0,1.0,0.0,1.0,346,0,3,5,354,6.931275,22.076928,19.673353,22.255383,6.926551,13,0,3,0,16,3,0,1,0,4,5,0,1,0,6,4.3333330000000005,0.0,1.0,0.0,5.3333330000000005,0.8888889999999999,0.0,0.0,0.0,0.8888889999999999,0.037572,0.0,1.0,0.0,0.045198,0.008671,0.0,0.333333,0.0,0.011299,0.014450999999999999,0.0,0.333333,0.0,0.016949000000000002,0.012523999999999999,0.0,0.333333,0.0,0.015066,7.000000000000001e-06,0.0,0.0,0.0,7.000000000000001e-06,29.255915,0.0,19.673353,0.0,36.159997,5.760642,0.0,5.373163,0.0,6.891589999999999,15.394585999999999,0.0,7.985784,0.0,18.469785,9.751972,0.0,6.557784,0.0,12.053332000000001,16.832181,0.0,1.167248,0.0,23.129585000000002,1,0,1,0,1,0.9741540000000001,0.0,1.0,0.0,0.982886,18.242623000000002,0.0,29.874827000000003,0.0,19.199583999999998,-13.759798000000002,-21.242171,-6.901022,-25.436073999999998,-13.055286,-18.590460999999998,-24.805464,-21.458323,-27.690319,-18.014035999999997,-13.530039000000002,-24.041386,-3.611597,-28.119826,-12.947616,2,45,2,0,1484,63562,12,3,0,0,0.0
2,1,3,0,3,0,3,1.0,0.0,1.0,0.0,1.0,301,0,3,4,308,6.931275,22.076928,19.673353,22.255383,6.926551,14,0,3,0,17,4,0,1,0,5,5,0,1,0,6,4.6666669999999995,0.0,1.0,0.0,5.6666669999999995,0.22222199999999998,0.0,0.0,0.0,0.22222199999999998,0.046512,0.0,1.0,0.0,0.05519500000000001,0.013288999999999999,0.0,0.333333,0.0,0.016234000000000002,0.016611,0.0,0.333333,0.0,0.019481000000000002,0.015503999999999999,0.0,0.333333,0.0,0.018397999999999998,2e-06,0.0,0.0,0.0,2e-06,31.956144000000002,0.0,19.673353,0.0,38.859652000000004,5.760642,0.0,5.373163,0.0,6.891589999999999,15.394585999999999,0.0,7.985784,0.0,18.469785,10.652047999999999,0.0,6.557784,0.0,12.953217,15.479891,0.0,1.167248,0.0,22.490981,1,0,1,0,1,0.994425,0.0,1.0,0.0,0.996225,19.137171,0.0,29.874827000000003,0.0,19.882456,-12.981821,-21.242171,-6.901022,-25.436073999999998,-12.373167,-18.263937,-24.805464,-21.458323,-27.690319,-17.743246,-12.825738000000001,-24.041386,-3.611597,-28.119826,-12.307938,2,34,295,3,17265,3435,4,72,0,0,0.0
0,1,3,0,0,0,3,1.0,0.0,0.0,0.0,1.0,301,5,8,6,320,6.931275,22.076928,19.673353,22.255383,6.926551,13,0,0,0,13,1,0,0,0,1,6,0,0,0,6,4.3333330000000005,0.0,0.0,0.0,4.3333330000000005,5.555556,0.0,0.0,0.0,5.555556,0.043189,0.0,0.0,0.0,0.040625,0.003322,0.0,0.0,0.0,0.003125,0.019934,0.0,0.0,0.0,0.01875,0.014396,0.0,0.0,0.0,0.013541999999999998,6.1e-05,0.0,0.0,0.0,5.4000000000000005e-05,28.086502000000003,0.0,0.0,0.0,28.061031,2.700229,0.0,0.0,0.0,2.699655,18.473503,0.0,0.0,0.0,18.469785,9.362167,0.0,0.0,0.0,9.353677000000001,44.465799,0.0,0.0,0.0,44.480436,1,0,0,0,1,0.8553870000000001,0.0,0.0,0.0,0.855334,16.553732999999998,0.0,0.0,0.0,16.440545,-14.915244,-21.242171,-20.838749,-25.436073999999998,-15.097902,-19.169219000000002,-24.805464,-24.497864,-27.690319,-19.197657999999997,-13.845199,-24.041386,-23.634899,-28.119826,-14.028367000000001,2,38,46,5,277,57107,12,35,0,7,9.633333333
0,1,3,0,3,0,3,1.0,0.0,1.0,0.0,1.0,852,2,4,7,865,6.931275,22.076928,19.673353,22.255383,6.926551,7,0,3,0,10,2,0,1,0,3,3,0,1,0,4,2.333333,0.0,1.0,0.0,3.333333,0.22222199999999998,0.0,0.0,0.0,0.22222199999999998,0.008216,0.0,0.75,0.0,0.011561,0.0023469999999999997,0.0,0.25,0.0,0.003468,0.0035210000000000003,0.0,0.25,0.0,0.0046240000000000005,0.002739,0.0,0.25,0.0,0.003854,0.0,0.0,0.0,0.0,0.0,15.014676999999999,0.0,19.673353,0.0,21.928252,3.456385,0.0,5.373163,0.0,4.594393,6.157833999999999,0.0,7.985784,0.0,9.234893,5.004892,0.0,6.557784,0.0,7.309417,1.29454,0.0,1.167248,0.0,3.9007330000000002,1,0,1,0,1,0.989585,0.0,1.0,0.0,0.995185,11.080956,0.0,26.759999,0.0,13.435404,-18.776644,-21.242171,-7.761830000000001,-25.436073999999998,-17.357854,-20.76585,-24.805464,-21.45982,-27.690319,-19.841019,-18.040457999999997,-24.041386,-4.474536,-28.119826,-16.996328,3,68,1,0,2173,63562,3,3,0,0,0.0
0,1,3,0,0,0,3,1.0,0.0,0.0,0.0,1.0,1399,0,10,4,1413,6.931275,22.076928,19.673353,22.255383,6.926551,5,0,0,0,5,1,0,0,0,1,2,0,0,0,2,1.666667,0.0,0.0,0.0,1.666667,0.22222199999999998,0.0,0.0,0.0,0.22222199999999998,0.0035740000000000004,0.0,0.0,0.0,0.003539,0.000715,0.0,0.0,0.0,0.000708,0.00143,0.0,0.0,0.0,0.001415,0.001191,0.0,0.0,0.0,0.00118,0.0,0.0,0.0,0.0,0.0,12.710421,0.0,0.0,0.0,12.704504,1.152128,0.0,0.0,0.0,1.148598,6.157833999999999,0.0,0.0,0.0,6.156594999999999,4.236807,0.0,0.0,0.0,4.2348349999999995,4.853224,0.0,0.0,0.0,4.858008,1,0,0,0,1,0.987202,0.0,0.0,0.0,0.98724,7.734533,0.0,0.0,0.0,7.790825,-21.569761,-21.242171,-20.838749,-25.436073999999998,-21.601468,-21.902051,-24.805464,-24.497864,-27.690319,-21.917967,-20.538847,-24.041386,-23.634899,-28.119826,-20.568074,1,23,0,1,60654,53749,1,4,0,0,0.0
1,1,2,0,2,0,2,0.666667,0.0,0.666667,0.0,0.666667,916,3,8,7,934,6.931275,22.076928,19.673353,22.255383,6.926551,8,0,2,0,10,0,0,0,0,0,5,0,1,0,6,2.666667,0.0,0.666667,0.0,3.333333,4.222222,0.0,0.22222199999999998,0.0,6.222222,0.008734,0.0,0.25,0.0,0.010707,0.0,0.0,0.0,0.0,0.0,0.005459,0.0,0.125,0.0,0.006423999999999999,0.002911,0.0,0.083333,0.0,0.0035689999999999997,5e-06,0.0,0.003472,0.0,7.000000000000001e-06,14.997394,0.0,11.687569,0.0,19.20478,0.0,0.0,0.0,0.0,0.0,9.236751,0.0,6.314406,0.0,12.313189999999999,4.999130999999999,0.0,3.8958559999999998,0.0,6.401593,14.509545000000001,0.0,7.736505,0.0,25.389157,0,0,0,0,0,0.759742,0.0,0.720414,0.0,0.767303,8.291105,0.0,11.218803999999999,0.0,9.216285000000001,-22.122968,-21.242171,-16.886086,-25.436073999999998,-21.615576,-22.294598999999998,-24.805464,-23.933142,-27.690319,-21.916487,-22.422837,-24.041386,-16.650993,-28.119826,-22.011198999999998,4,39,4600,34,2634,13074,3,19,0,5,19.0
1,1,3,0,3,0,3,1.0,0.0,1.0,0.0,1.0,687,3,4,7,701,6.931275,22.076928,19.673353,22.255383,6.926551,11,0,3,0,14,3,0,1,0,4,4,0,1,0,5,3.666667,0.0,1.0,0.0,4.6666669999999995,0.22222199999999998,0.0,0.0,0.0,0.22222199999999998,0.016012000000000002,0.0,0.75,0.0,0.019971,0.004367,0.0,0.25,0.0,0.005706,0.005822,0.0,0.25,0.0,0.007133,0.005337,0.0,0.25,0.0,0.006657,0.0,0.0,0.0,0.0,0.0,24.646181,0.0,19.673353,0.0,31.554459,4.6085139999999996,0.0,5.373163,0.0,5.742991,10.800916,0.0,7.985784,0.0,13.498276999999998,8.215394,0.0,6.557784,0.0,10.518153,6.912559,0.0,1.167248,0.0,11.635156,1,0,1,0,1,0.9899379999999999,0.0,1.0,0.0,0.993878,15.048397,0.0,26.759999,0.0,16.440051,-16.30389,-21.242171,-7.761830000000001,-25.436073999999998,-15.491456,-19.378325,-24.805464,-21.45982,-27.690319,-18.745653,-16.023162,-24.041386,-4.474536,-28.119826,-15.353367,3,58,11089534,16,277,63562,1,3,0,0,0.0
0,1,3,0,2,0,3,1.0,0.0,0.666667,0.0,1.0,167,0,4,11,182,6.931275,22.076928,19.673353,22.255383,6.926551,9,0,2,0,11,1,0,0,0,2,6,0,1,0,7,3.0,0.0,0.666667,0.0,3.666667,4.6666669999999995,0.0,0.22222199999999998,0.0,5.555556,0.053891999999999995,0.0,0.5,0.0,0.06044,0.005988,0.0,0.0,0.0,0.010989,0.035927999999999995,0.0,0.25,0.0,0.038462,0.017963999999999997,0.0,0.166667,0.0,0.020146999999999998,0.000167,0.0,0.013888999999999999,0.0,0.000168,23.477989,0.0,14.300189999999999,0.0,29.244590000000002,2.3042569999999998,0.0,0.0,0.0,2.297197,18.473503,0.0,7.985784,0.0,21.548083,7.825996000000001,0.0,4.76673,0.0,9.748197,56.710829000000004,0.0,11.826441,0.0,71.22250799999999,1,0,0,0,1,0.831799,0.0,0.884242,0.0,0.87465,17.120972000000002,0.0,19.45134,0.0,18.717579,-14.570391,-21.242171,-12.869763,-25.436073999999998,-13.204165,-19.770007999999997,-24.805464,-22.029027,-27.690319,-19.05724,-13.176077,-24.041386,-12.621215,-28.119826,-12.587365,2,45,24,0,9537,18105,1,3,0,0,0.0
1,1,3,0,3,0,3,1.0,0.0,1.0,0.0,1.0,1391,4,4,7,1406,6.931275,22.076928,19.673353,22.255383,6.926551,22,0,3,0,25,2,0,1,0,3,10,0,1,0,11,7.3333330000000005,0.0,1.0,0.0,8.333333,14.222222,0.0,0.0,0.0,14.222222,0.015816,0.0,0.75,0.0,0.017781,0.001438,0.0,0.25,0.0,0.002134,0.007189,0.0,0.25,0.0,0.007824,0.005272,0.0,0.25,0.0,0.005927,7.000000000000001e-06,0.0,0.0,0.0,7.000000000000001e-06,47.710914,0.0,19.673353,0.0,54.594820999999996,5.400458,0.0,5.373163,0.0,8.098966,30.789171000000003,0.0,7.985784,0.0,33.861273,15.903638,0.0,6.557784,0.0,18.198273999999998,117.03363700000001,0.0,1.167248,0.0,126.093411,1,0,1,0,1,0.8686959999999999,0.0,1.0,0.0,0.8952459999999999,13.936795000000002,0.0,26.759999,0.0,15.16666,-16.919412,-21.242171,-7.761830000000001,-25.436073999999998,-16.196189999999998,-18.816734,-24.805464,-21.45982,-27.690319,-18.286285,-16.708966,-24.041386,-4.474536,-28.119826,-16.149309,3,61,11089534,17,549,63578,1,3,0,0,0.0
0,1,3,0,3,0,3,1.0,0.0,1.0,0.0,1.0,163,1,10,10,184,6.931275,22.076928,19.673353,22.255383,6.926551,7,0,3,0,10,2,0,1,0,3,3,0,1,0,4,2.333333,0.0,1.0,0.0,3.333333,0.22222199999999998,0.0,0.0,0.0,0.22222199999999998,0.042945,0.0,0.3,0.0,0.054348,0.01227,0.0,0.1,0.0,0.016304,0.018405,0.0,0.1,0.0,0.021738999999999998,0.014315000000000001,0.0,0.1,0.0,0.018116,8e-06,0.0,0.0,0.0,7.000000000000001e-06,15.014676999999999,0.0,19.673353,0.0,21.928252,3.456385,0.0,5.373163,0.0,4.594393,6.157833999999999,0.0,7.985784,0.0,9.234893,5.004892,0.0,6.557784,0.0,7.309417,1.29454,0.0,1.167248,0.0,3.9007330000000002,1,0,1,0,1,0.989585,0.0,1.0,0.0,0.995185,17.100123,0.0,16.461859,0.0,18.691546,-13.888917000000001,-21.242171,-10.497324,-25.436073999999998,-12.761412,-19.936277,-24.805464,-21.468789,-27.690319,-19.026788,-13.105979,-24.041386,-7.222766,-28.119826,-12.37215,2,44,5,30,21265,63212,3,4,0,0,0.0
0,1,3,0,3,0,3,1.0,0.0,1.0,0.0,1.0,209,1,10,10,230,6.931275,22.076928,19.673353,22.255383,6.926551,7,0,3,0,10,2,0,1,0,3,3,0,1,0,4,2.333333,0.0,1.0,0.0,3.333333,0.22222199999999998,0.0,0.0,0.0,0.22222199999999998,0.033493,0.0,0.3,0.0,0.043477999999999996,0.009569,0.0,0.1,0.0,0.013043,0.014353999999999999,0.0,0.1,0.0,0.017391,0.011164,0.0,0.1,0.0,0.014493,5e-06,0.0,0.0,0.0,4e-06,15.014676999999999,0.0,19.673353,0.0,21.928252,3.456385,0.0,5.373163,0.0,4.594393,6.157833999999999,0.0,7.985784,0.0,9.234893,5.004892,0.0,6.557784,0.0,7.309417,1.29454,0.0,1.167248,0.0,3.9007330000000002,1,0,1,0,1,0.989585,0.0,1.0,0.0,0.995185,16.499543,0.0,16.461859,0.0,18.209526999999998,-14.629222,-21.242171,-10.497324,-25.436073999999998,-13.427548000000002,-19.999408,-24.805464,-21.468789,-27.690319,-19.089319,-13.849916,-24.041386,-7.222766,-28.119826,-13.040277,2,43,5,30,26196,63212,2,4,0,0,0.0
0,1,3,0,3,0,3,1.0,0.0,1.0,0.0,1.0,167,2,10,10,189,6.931275,22.076928,19.673353,22.255383,6.926551,7,0,3,0,10,2,0,1,0,3,3,0,1,0,4,2.333333,0.0,1.0,0.0,3.333333,0.22222199999999998,0.0,0.0,0.0,0.22222199999999998,0.041916,0.0,0.3,0.0,0.052910000000000006,0.011976,0.0,0.1,0.0,0.015872999999999998,0.017963999999999997,0.0,0.1,0.0,0.021164,0.013972,0.0,0.1,0.0,0.017637,8e-06,0.0,0.0,0.0,6e-06,15.014676999999999,0.0,19.673353,0.0,21.928252,3.456385,0.0,5.373163,0.0,4.594393,6.157833999999999,0.0,7.985784,0.0,9.234893,5.004892,0.0,6.557784,0.0,7.309417,1.29454,0.0,1.167248,0.0,3.9007330000000002,1,0,1,0,1,0.989585,0.0,1.0,0.0,0.995185,17.04615,0.0,16.461859,0.0,18.637913,-13.961648,-21.242171,-10.497324,-25.436073999999998,-12.841846,-19.941819,-24.805464,-21.468789,-27.690319,-19.033648,-13.178552,-24.041386,-7.222766,-28.119826,-12.452442,2,43,5,30,21265,63212,2,4,0,0,0.0
0,1,3,0,3,0,3,1.0,0.0,1.0,0.0,1.0,189,3,10,10,212,6.931275,22.076928,19.673353,22.255383,6.926551,7,0,3,0,10,2,0,1,0,3,3,0,1,0,4,2.333333,0.0,1.0,0.0,3.333333,0.22222199999999998,0.0,0.0,0.0,0.22222199999999998,0.037037,0.0,0.3,0.0,0.04717,0.010582,0.0,0.1,0.0,0.014150999999999999,0.015872999999999998,0.0,0.1,0.0,0.018868,0.012346,0.0,0.1,0.0,0.015722999999999997,6e-06,0.0,0.0,0.0,5e-06,15.014676999999999,0.0,19.673353,0.0,21.928252,3.456385,0.0,5.373163,0.0,4.594393,6.157833999999999,0.0,7.985784,0.0,9.234893,5.004892,0.0,6.557784,0.0,7.309417,1.29454,0.0,1.167248,0.0,3.9007330000000002,1,0,1,0,1,0.989585,0.0,1.0,0.0,0.995185,16.755346,0.0,16.461859,0.0,18.395134,-14.329842000000001,-21.242171,-10.497324,-25.436073999999998,-13.184385999999998,-19.972123,-24.805464,-21.468789,-27.690319,-19.065005,-13.548943,-24.041386,-7.222766,-28.119826,-12.796308,2,44,5,30,21323,63212,2,3,0,0,0.0
0,1,2,0,2,0,2,0.666667,0.0,0.666667,0.0,0.666667,955,2,7,7,971,6.931275,22.076928,19.673353,22.255383,6.926551,6,0,2,0,8,0,0,0,0,0,4,0,1,0,5,2.0,0.0,0.666667,0.0,2.666667,2.666667,0.0,0.22222199999999998,0.0,4.222222,0.0062829999999999995,0.0,0.28571399999999997,0.0,0.008239,0.0,0.0,0.0,0.0,0.0,0.004188,0.0,0.14285699999999998,0.0,0.005149,0.002094,0.0,0.095238,0.0,0.002746,3e-06,0.0,0.004535,0.0,4e-06,10.766347999999999,0.0,11.687569,0.0,14.977884,0.0,0.0,0.0,0.0,0.0,6.157833999999999,0.0,6.314406,0.0,9.234893,3.5887830000000003,0.0,3.8958559999999998,0.0,4.992628,6.839746000000001,0.0,7.736505,0.0,14.495396,0,0,0,0,0,0.741345,0.0,0.720414,0.0,0.759687,6.871205000000001,0.0,12.109811,0.0,8.178557000000001,-23.109604,-21.242171,-16.621144,-25.436073999999998,-22.328817,-22.871605,-24.805464,-23.931648000000003,-27.690319,-22.367396,-23.128193,-24.041386,-16.384032,-28.119826,-22.554705,4,39,4619,42,2399,12040,1,73,0,3,62.2
0,1,2,0,1,0,2,0.666667,0.0,0.333333,0.0,0.666667,160,0,5,4,169,6.931275,22.076928,19.673353,22.255383,6.926551,8,0,1,0,9,0,0,0,0,0,5,0,1,0,6,2.666667,0.0,0.333333,0.0,3.0,4.222222,0.0,0.22222199999999998,0.0,6.0,0.05,0.0,0.2,0.0,0.053253999999999996,0.0,0.0,0.0,0.0,0.0,0.03125,0.0,0.2,0.0,0.035503,0.016666999999999998,0.0,0.06666699999999999,0.0,0.017751,0.000165,0.0,0.008889,0.0,0.00021,23.495272,0.0,6.314406,0.0,26.568752000000003,0.0,0.0,0.0,0.0,0.0,15.394585999999999,0.0,6.314406,0.0,18.469785,7.8317570000000005,0.0,2.104802,0.0,8.856251,39.535039000000005,0.0,8.860383,0.0,57.142235,0,0,0,0,0,0.919899,0.0,0.548525,0.0,0.901866,16.456472,0.0,7.777999,0.0,16.648507000000002,-15.826127,-21.242171,-20.838749,-25.436073999999998,-15.751403,-19.873352,-24.805464,-24.497864,-27.690319,-19.717060999999998,-17.232742000000002,-24.041386,-23.634899,-28.119826,-17.164282999999998,1,24,0,0,61126,23774,5,5,0,54,47.43392857
0,1,3,0,2,0,3,1.0,0.0,0.666667,0.0,1.0,215,0,4,11,230,6.931275,22.076928,19.673353,22.255383,6.926551,6,0,2,0,8,1,0,0,0,2,3,0,1,0,4,2.0,0.0,0.666667,0.0,2.666667,0.666667,0.0,0.22222199999999998,0.0,0.8888889999999999,0.027906999999999998,0.0,0.5,0.0,0.034783,0.004651,0.0,0.0,0.0,0.008695999999999999,0.013953,0.0,0.25,0.0,0.017391,0.009302,0.0,0.166667,0.0,0.011594,1.4000000000000001e-05,0.0,0.013888999999999999,0.0,1.7e-05,14.241237,0.0,14.300189999999999,0.0,20.009698,2.3042569999999998,0.0,0.0,0.0,2.297197,9.236751,0.0,7.985784,0.0,12.313189999999999,4.747079,0.0,4.76673,0.0,6.669899000000001,10.104711,0.0,11.826441,0.0,17.527219,1,0,0,0,1,0.913366,0.0,0.884242,0.0,0.9488200000000001,15.410798000000002,0.0,19.45134,0.0,17.414078,-16.14087,-21.242171,-12.869763,-25.436073999999998,-14.538313,-20.48854,-24.805464,-22.029027,-27.690319,-19.655699,-14.624042999999999,-24.041386,-12.621215,-28.119826,-13.846601999999999,2,45,20,0,8590,17807,1,3,0,0,0.0
1,1,3,0,3,0,3,1.0,0.0,1.0,0.0,1.0,1734,2,4,7,1747,6.931275,22.076928,19.673353,22.255383,6.926551,8,0,3,0,11,2,0,1,0,3,3,0,1,0,4,2.666667,0.0,1.0,0.0,3.666667,0.22222199999999998,0.0,0.0,0.0,0.22222199999999998,0.004614,0.0,0.75,0.0,0.006297,0.001153,0.0,0.25,0.0,0.0017170000000000002,0.00173,0.0,0.25,0.0,0.00229,0.001538,0.0,0.25,0.0,0.0020989999999999997,0.0,0.0,0.0,0.0,0.0,17.714906,0.0,19.673353,0.0,24.627907999999998,3.456385,0.0,5.373163,0.0,4.594393,8.100686999999999,0.0,7.985784,0.0,10.798622,5.904969,0.0,6.557784,0.0,8.209303,3.626893,0.0,1.167248,0.0,6.941327,1,0,1,0,1,0.9805510000000001,0.0,1.0,0.0,0.9899379999999999,8.512876,0.0,26.759999,0.0,10.519923,-20.249187,-21.242171,-7.761830000000001,-25.436073999999998,-19.042496,-21.206208,-24.805464,-21.45982,-27.690319,-20.377469,-19.736629,-24.041386,-4.474536,-28.119826,-18.794785,3,63,0,15,123,63578,1,3,0,0,0.0
0,1,3,0,2,2,3,1.0,0.0,0.666667,0.666667,1.0,353,0,3,9,365,6.931275,22.076928,19.673353,22.255383,6.926551,45,0,2,2,49,1,0,0,0,1,22,0,1,1,24,15.0,0.0,0.666667,0.666667,16.333333,98.0,0.0,0.22222199999999998,0.22222199999999998,117.55555600000001,0.127479,0.0,0.666667,0.22222199999999998,0.134247,0.002833,0.0,0.0,0.0,0.00274,0.062323,0.0,0.333333,0.11111099999999999,0.06575299999999999,0.042493,0.0,0.22222199999999998,0.074074,0.044749000000000004,0.000786,0.0,0.024691,0.0027429999999999998,0.0008820000000000001,95.783232,0.0,11.687569,13.366322,104.145156,2.700229,0.0,0.0,0.0,2.699655,67.736176,0.0,6.314406,7.49424,73.879141,31.927744,0.0,3.8958559999999998,4.455441,34.715052,726.599983,0.0,7.736505,10.364042,869.971774,1,0,0,0,1,0.801308,0.0,0.720414,0.731014,0.799404,17.979775,0.0,17.748073,13.005663,18.012995999999998,-12.631897,-21.242171,-14.935056,-18.171428,-12.55241,-16.814329,-24.805464,-23.925663,-25.591031,-16.664852,-11.727093,-24.041386,-14.689844,-17.928201,-11.653354,4,50,0,2,214,25445,38,55,0,0,0.0
0,1,3,0,2,2,3,1.0,0.0,0.666667,0.666667,1.0,600,0,9,10,619,6.931275,22.076928,19.673353,22.255383,6.926551,68,0,2,2,72,1,0,0,0,1,35,0,1,1,37,22.666667,0.0,0.666667,0.666667,24.0,236.22222200000002,0.0,0.22222199999999998,0.22222199999999998,266.0,0.11333299999999999,0.0,0.22222199999999998,0.2,0.116317,0.001667,0.0,0.0,0.0,0.001616,0.058333,0.0,0.11111099999999999,0.1,0.059774,0.037778,0.0,0.074074,0.06666699999999999,0.038772,0.000656,0.0,0.0027429999999999998,0.002222,0.0006940000000000001,141.550073,0.0,11.687569,13.366322,149.85990900000002,2.700229,0.0,0.0,0.0,2.699655,98.525348,0.0,6.314406,7.49424,104.66211700000001,47.183358,0.0,3.8958559999999998,4.455441,49.953303000000005,1553.930881,0.0,7.736505,10.364042,1760.5136760000003,1,0,0,0,1,0.7936949999999999,0.0,0.720414,0.731014,0.792798,17.194602,0.0,10.449928,12.214447999999999,17.208434,-13.339392000000002,-21.242171,-17.119535,-18.381207999999997,-13.315408999999999,-16.300592,-24.805464,-23.934635999999998,-25.592523999999997,-16.212091,-12.475977,-24.041386,-16.886457,-18.138876999999997,-12.45323,7,63,0,2,804,58953,25,165,0,0,0.0
0,1,3,0,2,0,3,1.0,0.0,0.666667,0.0,1.0,430,0,11,4,445,6.931275,22.076928,19.673353,22.255383,6.926551,15,0,2,0,17,1,0,0,0,1,9,0,1,0,10,5.0,0.0,0.666667,0.0,5.6666669999999995,10.666667,0.0,0.22222199999999998,0.0,13.555556,0.034884,0.0,0.181818,0.0,0.038202,0.002326,0.0,0.0,0.0,0.002247,0.02093,0.0,0.090909,0.0,0.022472,0.011628,0.0,0.06060599999999999,0.0,0.012734,5.7999999999999994e-05,0.0,0.001837,0.0,6.8e-05,36.171125,0.0,11.687569,0.0,40.374221,2.700229,0.0,0.0,0.0,2.699655,27.710254,0.0,6.314406,0.0,30.782976,12.057042,0.0,3.8958559999999998,0.0,13.458074,124.072548,0.0,7.736505,0.0,153.00483300000002,1,0,0,0,1,0.822377,0.0,0.720414,0.0,0.8193389999999999,16.026734,0.0,9.19023,0.0,16.2448,-15.717517,-21.242171,-17.516648999999997,-25.436073999999998,-15.502894,-19.086804,-24.805464,-23.937621,-27.690319,-18.860974,-14.687613,-24.041386,-17.287595,-28.119826,-14.503661,1,16,0,0,13768,5675,1,6,0,9,8.25
2,1,2,0,2,0,2,0.666667,0.0,0.666667,0.0,0.666667,280,0,11,7,298,6.931275,22.076928,19.673353,22.255383,6.926551,8,0,2,0,10,0,0,0,0,0,4,0,1,0,5,2.666667,0.0,0.666667,0.0,3.333333,3.5555559999999997,0.0,0.22222199999999998,0.0,5.555556,0.028571,0.0,0.181818,0.0,0.033557,0.0,0.0,0.0,0.0,0.0,0.014286000000000002,0.0,0.090909,0.0,0.016779,0.009524,0.0,0.06060599999999999,0.0,0.011186,4.5e-05,0.0,0.001837,0.0,6.3e-05,16.924182000000002,0.0,11.687569,0.0,21.134479000000002,0.0,0.0,0.0,0.0,0.0,12.315667999999999,0.0,6.314406,0.0,15.391488,5.641394,0.0,3.8958559999999998,0.0,7.044826,25.812701999999998,0.0,7.736505,0.0,40.33037,0,0,0,0,0,0.778891,0.0,0.720414,0.0,0.778803,11.452341,0.0,9.19023,0.0,11.932580999999999,-18.979124,-21.242171,-17.516648999999997,-25.436073999999998,-18.627349,-21.459232999999998,-24.805464,-23.937621,-27.690319,-21.11833,-19.999804,-24.041386,-17.287595,-28.119826,-19.695387,3,29,415,9,7535,29746,3,8,0,0,0.0
3,1,2,0,2,0,2,0.666667,0.0,0.666667,0.0,0.666667,280,3,11,7,301,6.931275,22.076928,19.673353,22.255383,6.926551,8,0,2,0,10,0,0,0,0,0,4,0,1,0,5,2.666667,0.0,0.666667,0.0,3.333333,3.5555559999999997,0.0,0.22222199999999998,0.0,5.555556,0.028571,0.0,0.181818,0.0,0.033223,0.0,0.0,0.0,0.0,0.0,0.014286000000000002,0.0,0.090909,0.0,0.016611,0.009524,0.0,0.06060599999999999,0.0,0.011073999999999999,4.5e-05,0.0,0.001837,0.0,6.1e-05,16.924182000000002,0.0,11.687569,0.0,21.134479000000002,0.0,0.0,0.0,0.0,0.0,12.315667999999999,0.0,6.314406,0.0,15.391488,5.641394,0.0,3.8958559999999998,0.0,7.044826,25.812701999999998,0.0,7.736505,0.0,40.33037,0,0,0,0,0,0.778891,0.0,0.720414,0.0,0.778803,11.452341,0.0,9.19023,0.0,11.91905,-18.979124,-21.242171,-17.516648999999997,-25.436073999999998,-18.665021,-21.459232999999998,-24.805464,-23.937621,-27.690319,-21.122244,-19.999804,-24.041386,-17.287595,-28.119826,-19.715367,3,32,13451,9,30911,31300,2,4,6,866,128.669102
0,1,3,0,2,0,3,1.0,0.0,0.666667,0.0,1.0,287,0,15,5,307,6.931275,22.076928,19.673353,22.255383,6.926551,14,0,2,0,16,2,0,0,0,2,6,0,1,0,7,4.6666669999999995,0.0,0.666667,0.0,5.3333330000000005,3.5555559999999997,0.0,0.22222199999999998,0.0,5.555556,0.048780000000000004,0.0,0.13333299999999998,0.0,0.052117,0.0069689999999999995,0.0,0.0,0.0,0.006515000000000001,0.020906,0.0,0.06666699999999999,0.0,0.022801,0.01626,0.0,0.044444,0.0,0.017372,4.3e-05,0.0,0.0009880000000000002,0.0,5.9e-05,30.786731,0.0,11.687569,0.0,34.987582,5.400458,0.0,0.0,0.0,5.399311,18.473503,0.0,6.314406,0.0,21.548083,10.262244,0.0,3.8958559999999998,0.0,11.662527,34.093568,0.0,7.736505,0.0,50.024477000000005,1,0,0,0,1,0.914841,0.0,0.720414,0.0,0.8996379999999999,18.286270000000002,0.0,7.404953999999999,0.0,18.466681,-13.355788,-21.242171,-18.275843,-25.436073999999998,-13.214661999999999,-18.562355,-24.805464,-23.943582,-27.690319,-18.315436,-13.011542,-24.041386,-17.907498,-28.119826,-12.905605,2,22,453,2,13148,30306,2,6,44,3,7.0
0,1,3,0,3,0,3,1.0,0.0,1.0,0.0,1.0,336,2,10,10,358,6.931275,22.076928,19.673353,22.255383,6.926551,7,0,3,0,10,2,0,1,0,3,3,0,1,0,4,2.333333,0.0,1.0,0.0,3.333333,0.22222199999999998,0.0,0.0,0.0,0.22222199999999998,0.020833,0.0,0.3,0.0,0.027933,0.005952000000000001,0.0,0.1,0.0,0.00838,0.008929000000000001,0.0,0.1,0.0,0.011173,0.006944,0.0,0.1,0.0,0.009311,2e-06,0.0,0.0,0.0,2e-06,15.014676999999999,0.0,19.673353,0.0,21.928252,3.456385,0.0,5.373163,0.0,4.594393,6.157833999999999,0.0,7.985784,0.0,9.234893,5.004892,0.0,6.557784,0.0,7.309417,1.29454,0.0,1.167248,0.0,3.9007330000000002,1,0,1,0,1,0.989585,0.0,1.0,0.0,0.995185,15.042793,0.0,16.461859,0.0,16.990985000000002,-16.053213,-21.242171,-10.497324,-25.436073999999998,-14.754470000000001,-20.167108,-24.805464,-21.468789,-27.690319,-19.256755,-15.269242000000002,-24.041386,-7.222766,-28.119826,-14.364017,2,44,5,32,21265,63212,3,8,0,0,0.0
0,1,3,0,2,0,3,1.0,0.0,0.666667,0.0,1.0,147,0,7,7,161,6.931275,22.076928,19.673353,22.255383,6.926551,9,0,2,0,11,1,0,0,0,1,4,0,1,0,5,3.0,0.0,0.666667,0.0,3.666667,2.0,0.0,0.22222199999999998,0.0,3.5555559999999997,0.061224,0.0,0.28571399999999997,0.0,0.06832300000000001,0.006803,0.0,0.0,0.0,0.006211,0.027211000000000003,0.0,0.14285699999999998,0.0,0.031056,0.020408000000000003,0.0,0.095238,0.0,0.022774000000000003,9.300000000000001e-05,0.0,0.004535,0.0,0.00013700000000000002,19.624411,0.0,11.687569,0.0,23.834135,2.700229,0.0,0.0,0.0,2.699655,12.315667999999999,0.0,6.314406,0.0,15.391488,6.5414699999999995,0.0,3.8958559999999998,0.0,7.944711999999999,17.277607,0.0,7.736505,0.0,29.270887,1,0,0,0,1,0.887338,0.0,0.720414,0.0,0.868649,17.306345,0.0,12.109811,0.0,17.6172,-13.733525,-21.242171,-16.621144,-25.436073999999998,-13.479897,-19.662544,-24.805464,-23.931648000000003,-27.690319,-19.30446,-12.509428,-24.041386,-16.384032,-28.119826,-12.336319999999999,3,46,1,1,1965,11068,3,4,0,0,0.0
0,1,3,0,3,0,3,1.0,0.0,1.0,0.0,1.0,165,3,10,10,188,6.931275,22.076928,19.673353,22.255383,6.926551,7,0,3,0,10,2,0,1,0,3,3,0,1,0,4,2.333333,0.0,1.0,0.0,3.333333,0.22222199999999998,0.0,0.0,0.0,0.22222199999999998,0.042424,0.0,0.3,0.0,0.053190999999999995,0.012121,0.0,0.1,0.0,0.015957,0.018182,0.0,0.1,0.0,0.021277,0.014140999999999999,0.0,0.1,0.0,0.017730000000000003,8e-06,0.0,0.0,0.0,6e-06,15.014676999999999,0.0,19.673353,0.0,21.928252,3.456385,0.0,5.373163,0.0,4.594393,6.157833999999999,0.0,7.985784,0.0,9.234893,5.004892,0.0,6.557784,0.0,7.309417,1.29454,0.0,1.167248,0.0,3.9007330000000002,1,0,1,0,1,0.989585,0.0,1.0,0.0,0.995185,17.073094,0.0,16.461859,0.0,18.648615,-13.925162,-21.242171,-10.497324,-25.436073999999998,-12.825711,-19.939049,-24.805464,-21.468789,-27.690319,-19.032277,-13.142485999999998,-24.041386,-7.222766,-28.119826,-12.436555,2,44,5,30,21283,63181,2,4,0,0,0.0
0,1,0,0,0,0,0,0.0,0.0,0.0,0.0,0.0,0,3,0,10,13,6.931275,22.076928,19.673353,22.255383,6.926551,0,0,0,0,0,0,0,0,0,0,0,0,0,0,0,0.0,0.0,0.0,0.0,0.0,0.0,0.0,0.0,0.0,0.0,0.0,0.0,0.0,0.0,0.0,0.0,0.0,0.0,0.0,0.0,0.0,0.0,0.0,0.0,0.0,0.0,0.0,0.0,0.0,0.0,0.0,0.0,0.0,0.0,0.0,0.0,0.0,0.0,0.0,0.0,0.0,0.0,0.0,0.0,0.0,0.0,0.0,0.0,0.0,0.0,0.0,0.0,0.0,0.0,0.0,0.0,0.0,0.0,0.0,0.0,0,0,0,0,0,0.0,0.0,0.0,0.0,0.0,0.0,0.0,0.0,0.0,0.0,-30.363118,-21.242171,-20.838749,-25.436073999999998,-30.366374,-28.080339000000002,-24.805464,-24.497864,-27.690319,-28.098015000000004,-30.727024,-24.041386,-23.634899,-28.119826,-30.739884999999997,4,70,3,0,1433,61229,59,8,0,0,0.0
1,1,3,0,0,0,3,1.0,0.0,0.0,0.0,1.0,685,6,8,7,706,6.931275,22.076928,19.673353,22.255383,6.926551,7,0,0,0,7,1,0,0,0,1,3,0,0,0,3,2.333333,0.0,0.0,0.0,2.333333,0.8888889999999999,0.0,0.0,0.0,0.8888889999999999,0.010218999999999999,0.0,0.0,0.0,0.009915,0.00146,0.0,0.0,0.0,0.001416,0.004379999999999999,0.0,0.0,0.0,0.004249,0.003406,0.0,0.0,0.0,0.0033049999999999998,2e-06,0.0,0.0,0.0,2e-06,15.393366,0.0,0.0,0.0,15.380343,2.700229,0.0,0.0,0.0,2.699655,9.236751,0.0,0.0,0.0,9.234893,5.131122,0.0,0.0,0.0,5.126780999999999,8.523392,0.0,0.0,0.0,8.531077999999999,1,0,0,0,1,0.914841,0.0,0.0,0.0,0.9148129999999999,11.640683000000001,0.0,0.0,0.0,11.601461,-18.972419,-21.242171,-20.838749,-25.436073999999998,-19.060979999999997,-20.806697,-24.805464,-24.497864,-27.690319,-20.834154,-17.677101,-24.041386,-23.634899,-28.119826,-17.766988,3,39,417,6,33435,56396,2,95,0,1,1.2
0,1,3,0,3,0,3,1.0,0.0,1.0,0.0,1.0,166,4,10,10,190,6.931275,22.076928,19.673353,22.255383,6.926551,7,0,3,0,10,2,0,1,0,3,3,0,1,0,4,2.333333,0.0,1.0,0.0,3.333333,0.22222199999999998,0.0,0.0,0.0,0.22222199999999998,0.042169,0.0,0.3,0.0,0.052632000000000005,0.012048,0.0,0.1,0.0,0.015788999999999997,0.018072,0.0,0.1,0.0,0.021053,0.014056,0.0,0.1,0.0,0.017544,8e-06,0.0,0.0,0.0,6e-06,15.014676999999999,0.0,19.673353,0.0,21.928252,3.456385,0.0,5.373163,0.0,4.594393,6.157833999999999,0.0,7.985784,0.0,9.234893,5.004892,0.0,6.557784,0.0,7.309417,1.29454,0.0,1.167248,0.0,3.9007330000000002,1,0,1,0,1,0.989585,0.0,1.0,0.0,0.995185,17.059611,0.0,16.461859,0.0,18.627223,-13.943289000000002,-21.242171,-10.497324,-25.436073999999998,-12.857457,-19.940435,-24.805464,-21.468789,-27.690319,-19.035018,-13.160573999999999,-24.041386,-7.222766,-28.119826,-12.468244,2,43,5,30,21278,63181,3,4,0,0,0.0
0,1,3,0,3,0,3,1.0,0.0,1.0,0.0,1.0,164,1,10,10,185,6.931275,22.076928,19.673353,22.255383,6.926551,7,0,3,0,10,2,0,1,0,3,3,0,1,0,4,2.333333,0.0,1.0,0.0,3.333333,0.22222199999999998,0.0,0.0,0.0,0.22222199999999998,0.042683,0.0,0.3,0.0,0.054054,0.012195000000000001,0.0,0.1,0.0,0.016216,0.018293,0.0,0.1,0.0,0.021622,0.014228,0.0,0.1,0.0,0.018018,8e-06,0.0,0.0,0.0,6e-06,15.014676999999999,0.0,19.673353,0.0,21.928252,3.456385,0.0,5.373163,0.0,4.594393,6.157833999999999,0.0,7.985784,0.0,9.234893,5.004892,0.0,6.557784,0.0,7.309417,1.29454,0.0,1.167248,0.0,3.9007330000000002,1,0,1,0,1,0.989585,0.0,1.0,0.0,0.995185,17.086598000000002,0.0,16.461859,0.0,18.680795,-13.906925,-21.242171,-10.497324,-25.436073999999998,-12.777452,-19.937663,-24.805464,-21.468789,-27.690319,-19.028160999999997,-13.124289000000001,-24.041386,-7.222766,-28.119826,-12.388380999999999,2,44,5,30,21283,63181,3,4,0,0,0.0
0,1,3,0,0,0,3,1.0,0.0,0.0,0.0,1.0,489,0,7,6,502,6.931275,22.076928,19.673353,22.255383,6.926551,13,0,0,0,13,1,0,0,0,1,10,0,0,0,10,4.3333330000000005,0.0,0.0,0.0,4.3333330000000005,16.222222,0.0,0.0,0.0,16.222222,0.026585,0.0,0.0,0.0,0.025896,0.002045,0.0,0.0,0.0,0.0019920000000000003,0.02045,0.0,0.0,0.0,0.01992,0.008862,0.0,0.0,0.0,0.008631999999999999,6.8e-05,0.0,0.0,0.0,6.4e-05,37.341757,0.0,0.0,0.0,37.330884999999995,1.152128,0.0,0.0,0.0,1.148598,30.789171000000003,0.0,0.0,0.0,30.782976,12.447252,0.0,0.0,0.0,12.443628,171.22104,0.0,0.0,0.0,171.177256,1,0,0,0,1,0.8207040000000001,0.0,0.0,0.0,0.8208030000000001,15.88345,0.0,0.0,0.0,15.866203,-16.956062,-21.242171,-20.838749,-25.436073999999998,-17.028738,-19.453535000000002,-24.805464,-24.497864,-27.690319,-19.473328,-15.856554000000001,-24.041386,-23.634899,-28.119826,-15.934412,2,34,17,0,6474,2013,37,52,0,0,0.0
2,1,3,0,3,3,3,1.0,0.0,1.0,1.0,1.0,1119,0,6,8,1133,6.931275,22.076928,19.673353,22.255383,6.926551,55,0,3,3,61,11,0,1,1,13,22,0,1,1,24,18.333333,0.0,1.0,1.0,20.333333,26.888889000000002,0.0,0.0,0.0,26.888889000000002,0.049151,0.0,0.5,0.375,0.053839,0.00983,0.0,0.166667,0.125,0.011474,0.01966,0.0,0.166667,0.125,0.021183,0.016384,0.0,0.166667,0.125,0.017946,2.1e-05,0.0,0.0,0.0,2.1e-05,122.785521,0.0,19.673353,22.255383,136.541021,25.346826,0.0,5.373163,5.872082,27.566359000000002,67.736176,0.0,7.985784,8.889061,73.879141,40.928507,0.0,6.557784,7.418461,45.513674,362.48758,0.0,1.167248,1.519899,411.747922,1,0,1,1,1,0.9567559999999999,0.0,1.0,1.0,0.964656,20.262935,0.0,22.142689,23.154769,20.676101,-12.595416,-21.242171,-8.973755,-9.842386,-12.277467999999999,-15.461032999999999,-24.805464,-21.462812,-22.137398,-15.143157999999998,-12.790652,-24.041386,-5.690718,-6.554031,-12.487439,2,54,17,0,206,40643,11,48,0,0,0.0
1,1,3,0,3,1,3,1.0,0.0,1.0,0.333333,1.0,703,0,4,17,724,6.931275,22.076928,19.673353,22.255383,6.926551,8,0,3,1,12,2,0,1,0,3,4,0,1,1,6,2.666667,0.0,1.0,0.333333,4.0,0.8888889999999999,0.0,0.0,0.22222199999999998,2.0,0.01138,0.0,0.75,0.058824,0.016575,0.002845,0.0,0.25,0.0,0.004144,0.00569,0.0,0.25,0.058824,0.008287000000000001,0.003793,0.0,0.25,0.019608,0.005525,2e-06,0.0,0.0,0.000769,4e-06,16.166806,0.0,19.673353,5.872082,24.225448999999998,4.6085139999999996,0.0,5.373163,0.0,6.891589999999999,6.157833999999999,0.0,7.985784,5.872082,9.234893,5.388935,0.0,6.557784,1.9573610000000001,8.07515,0.40013200000000004,0.0,1.167248,7.662521000000001,0.9154620000000001,1,0,1,0,1,0.963674,0.0,1.0,0.450978,0.9637459999999999,12.266442999999999,0.0,26.759999,3.7633900000000002,14.612809,-17.864013,-21.242171,-7.761830000000001,-25.436073999999998,-16.369667,-20.399264000000002,-24.805464,-21.45982,-27.690319,-19.373262,-17.186327,-24.041386,-4.474536,-28.119826,-16.065565,3,136,0,1,944,48469,1,11,0,0,0.0
2,1,3,0,3,0,3,1.0,0.0,1.0,0.0,1.0,436,1,4,7,448,6.931275,22.076928,19.673353,22.255383,6.926551,12,0,3,0,15,3,0,1,0,4,5,0,1,0,6,4.0,0.0,1.0,0.0,5.0,0.666667,0.0,0.0,0.0,0.666667,0.027523000000000002,0.0,0.75,0.0,0.033482,0.006881,0.0,0.25,0.0,0.008929000000000001,0.011468,0.0,0.25,0.0,0.013393,0.009174,0.0,0.25,0.0,0.011161,4e-06,0.0,0.0,0.0,3e-06,26.176998,0.0,19.673353,0.0,33.081699,5.760642,0.0,5.373163,0.0,6.891589999999999,12.315667999999999,0.0,7.985784,0.0,15.391488,8.725666,0.0,6.557784,0.0,11.027233,7.356694,0.0,1.167248,0.0,12.067509,1,0,1,0,1,0.9852770000000001,0.0,1.0,0.0,0.9907950000000001,17.086428,0.0,26.759999,0.0,18.226499,-14.702538,-21.242171,-7.761830000000001,-25.436073999999998,-13.958905,-18.914367000000002,-24.805464,-21.45982,-27.690319,-18.305573000000003,-14.44444,-24.041386,-4.474536,-28.119826,-13.834478,3,56,0,0,1506,48469,1,14,0,0,0.0
0,1,3,0,3,0,3,1.0,0.0,1.0,0.0,1.0,163,1,10,10,184,6.931275,22.076928,19.673353,22.255383,6.926551,7,0,3,0,10,2,0,1,0,3,3,0,1,0,4,2.333333,0.0,1.0,0.0,3.333333,0.22222199999999998,0.0,0.0,0.0,0.22222199999999998,0.042945,0.0,0.3,0.0,0.054348,0.01227,0.0,0.1,0.0,0.016304,0.018405,0.0,0.1,0.0,0.021738999999999998,0.014315000000000001,0.0,0.1,0.0,0.018116,8e-06,0.0,0.0,0.0,7.000000000000001e-06,15.014676999999999,0.0,19.673353,0.0,21.928252,3.456385,0.0,5.373163,0.0,4.594393,6.157833999999999,0.0,7.985784,0.0,9.234893,5.004892,0.0,6.557784,0.0,7.309417,1.29454,0.0,1.167248,0.0,3.9007330000000002,1,0,1,0,1,0.989585,0.0,1.0,0.0,0.995185,17.100123,0.0,16.461859,0.0,18.691546,-13.888917000000001,-21.242171,-10.497324,-25.436073999999998,-12.761412,-19.936277,-24.805464,-21.468789,-27.690319,-19.026788,-13.105979,-24.041386,-7.222766,-28.119826,-12.37215,2,44,4,30,23848,63634,3,4,0,0,0.0
0,1,3,0,3,0,3,1.0,0.0,1.0,0.0,1.0,166,2,10,10,188,6.931275,22.076928,19.673353,22.255383,6.926551,7,0,3,0,10,2,0,1,0,3,3,0,1,0,4,2.333333,0.0,1.0,0.0,3.333333,0.22222199999999998,0.0,0.0,0.0,0.22222199999999998,0.042169,0.0,0.3,0.0,0.053190999999999995,0.012048,0.0,0.1,0.0,0.015957,0.018072,0.0,0.1,0.0,0.021277,0.014056,0.0,0.1,0.0,0.017730000000000003,8e-06,0.0,0.0,0.0,6e-06,15.014676999999999,0.0,19.673353,0.0,21.928252,3.456385,0.0,5.373163,0.0,4.594393,6.157833999999999,0.0,7.985784,0.0,9.234893,5.004892,0.0,6.557784,0.0,7.309417,1.29454,0.0,1.167248,0.0,3.9007330000000002,1,0,1,0,1,0.989585,0.0,1.0,0.0,0.995185,17.059611,0.0,16.461859,0.0,18.648615,-13.943289000000002,-21.242171,-10.497324,-25.436073999999998,-12.82593,-19.940435,-24.805464,-21.468789,-27.690319,-19.032277,-13.160573999999999,-24.041386,-7.222766,-28.119826,-12.436555,2,44,0,30,23871,63634,3,4,0,0,0.0
0,1,3,0,3,0,3,1.0,0.0,1.0,0.0,1.0,674,1,4,7,686,6.931275,22.076928,19.673353,22.255383,6.926551,11,0,3,0,14,3,0,1,0,4,4,0,1,0,5,3.666667,0.0,1.0,0.0,4.6666669999999995,0.22222199999999998,0.0,0.0,0.0,0.22222199999999998,0.016319999999999998,0.0,0.75,0.0,0.020408000000000003,0.004451,0.0,0.25,0.0,0.005831,0.005935,0.0,0.25,0.0,0.007289,0.0054399999999999995,0.0,0.25,0.0,0.006803,0.0,0.0,0.0,0.0,0.0,24.646181,0.0,19.673353,0.0,31.554459,4.6085139999999996,0.0,5.373163,0.0,5.742991,10.800916,0.0,7.985784,0.0,13.498276999999998,8.215394,0.0,6.557784,0.0,10.518153,6.912559,0.0,1.167248,0.0,11.635156,1,0,1,0,1,0.9899379999999999,0.0,1.0,0.0,0.993878,15.131425,0.0,26.759999,0.0,16.527103,-16.244742000000002,-21.242171,-7.761830000000001,-25.436073999999998,-15.425175,-19.363775,-24.805464,-21.45982,-27.690319,-18.728946,-15.966202,-24.041386,-4.474536,-28.119826,-15.288797,3,59,5,8,213,48469,1,13,0,0,0.0
0,1,3,0,3,0,3,1.0,0.0,1.0,0.0,1.0,168,3,10,10,191,6.931275,22.076928,19.673353,22.255383,6.926551,7,0,3,0,10,2,0,1,0,3,3,0,1,0,4,2.333333,0.0,1.0,0.0,3.333333,0.22222199999999998,0.0,0.0,0.0,0.22222199999999998,0.041667,0.0,0.3,0.0,0.05235599999999999,0.011904999999999999,0.0,0.1,0.0,0.015707,0.017856999999999998,0.0,0.1,0.0,0.020942,0.013888999999999999,0.0,0.1,0.0,0.017452000000000002,8e-06,0.0,0.0,0.0,6e-06,15.014676999999999,0.0,19.673353,0.0,21.928252,3.456385,0.0,5.373163,0.0,4.594393,6.157833999999999,0.0,7.985784,0.0,9.234893,5.004892,0.0,6.557784,0.0,7.309417,1.29454,0.0,1.167248,0.0,3.9007330000000002,1,0,1,0,1,0.989585,0.0,1.0,0.0,0.995185,17.03271,0.0,16.461859,0.0,18.616546,-13.979218,-21.242171,-10.497324,-25.436073999999998,-12.873425,-19.943203,-24.805464,-21.468789,-27.690319,-19.036388,-13.196423000000001,-24.041386,-7.222766,-28.119826,-12.483964,2,44,5,30,23836,63634,2,4,0,0,0.0
0,1,3,0,0,0,3,1.0,0.0,0.0,0.0,1.0,273,0,15,3,291,6.931275,22.076928,19.673353,22.255383,6.926551,5,0,0,0,5,1,0,0,0,1,2,0,0,0,2,1.666667,0.0,0.0,0.0,1.666667,0.22222199999999998,0.0,0.0,0.0,0.22222199999999998,0.018315,0.0,0.0,0.0,0.017182,0.0036630000000000005,0.0,0.0,0.0,0.003436,0.007326000000000001,0.0,0.0,0.0,0.006873000000000001,0.006104999999999999,0.0,0.0,0.0,0.005727,3e-06,0.0,0.0,0.0,3e-06,11.16232,0.0,0.0,0.0,11.153447,2.3042569999999998,0.0,0.0,0.0,2.297197,6.157833999999999,0.0,0.0,0.0,6.156594999999999,3.7207730000000003,0.0,0.0,0.0,3.7178160000000005,2.995765,0.0,0.0,0.0,3.000818,1,0,0,0,1,0.9567559999999999,0.0,0.0,0.0,0.9567450000000001,13.770608,0.0,0.0,0.0,13.625885,-17.406182,-21.242171,-20.838749,-25.436073999999998,-17.597837,-20.932772,-24.805464,-24.497864,-27.690319,-20.960701,-15.742083,-24.041386,-23.634899,-28.119826,-15.932679,2,16,11934,1,47719,29019,6,4,0,0,0.0
0,1,3,0,0,0,3,1.0,0.0,0.0,0.0,1.0,607,0,5,6,618,6.931275,22.076928,19.673353,22.255383,6.926551,7,0,0,0,7,1,0,0,0,1,3,0,0,0,3,2.333333,0.0,0.0,0.0,2.333333,0.8888889999999999,0.0,0.0,0.0,0.8888889999999999,0.011531999999999999,0.0,0.0,0.0,0.011327,0.0016469999999999998,0.0,0.0,0.0,0.0016179999999999999,0.004942,0.0,0.0,0.0,0.004854,0.0038439999999999998,0.0,0.0,0.0,0.003776,2e-06,0.0,0.0,0.0,2e-06,15.393366,0.0,0.0,0.0,15.380343,2.700229,0.0,0.0,0.0,2.699655,9.236751,0.0,0.0,0.0,9.234893,5.131122,0.0,0.0,0.0,5.126780999999999,8.523392,0.0,0.0,0.0,8.531077999999999,1,0,0,0,1,0.914841,0.0,0.0,0.0,0.9148129999999999,12.157214,0.0,0.0,0.0,12.169966,-18.634526,-21.242171,-20.838749,-25.436073999999998,-18.686617000000002,-20.718255,-24.805464,-24.497864,-27.690319,-20.734970999999998,-17.317828,-24.041386,-23.634899,-28.119826,-17.371413,2,37,18,0,56041,23458,3,3,0,0,0.0
1,1,3,0,3,0,3,1.0,0.0,1.0,0.0,1.0,337,3,10,10,360,6.931275,22.076928,19.673353,22.255383,6.926551,7,0,3,0,10,2,0,1,0,3,3,0,1,0,4,2.333333,0.0,1.0,0.0,3.333333,0.22222199999999998,0.0,0.0,0.0,0.22222199999999998,0.020772,0.0,0.3,0.0,0.027777999999999997,0.005935,0.0,0.1,0.0,0.008333,0.008902,0.0,0.1,0.0,0.011111,0.006924,0.0,0.1,0.0,0.009259,2e-06,0.0,0.0,0.0,2e-06,15.014676999999999,0.0,19.673353,0.0,21.928252,3.456385,0.0,5.373163,0.0,4.594393,6.157833999999999,0.0,7.985784,0.0,9.234893,5.004892,0.0,6.557784,0.0,7.309417,1.29454,0.0,1.167248,0.0,3.9007330000000002,1,0,1,0,1,0.989585,0.0,1.0,0.0,0.995185,15.032352,0.0,16.461859,0.0,16.973244,-16.059409,-21.242171,-10.497324,-25.436073999999998,-14.769648000000002,-20.168392,-24.805464,-21.468789,-27.690319,-19.259299,-15.278118,-24.041386,-7.222766,-28.119826,-14.380673999999999,2,44,5,37,23975,63634,5,5,0,0,0.0
0,1,3,0,3,0,3,1.0,0.0,1.0,0.0,1.0,164,2,10,10,186,6.931275,22.076928,19.673353,22.255383,6.926551,7,0,3,0,10,2,0,1,0,3,3,0,1,0,4,2.333333,0.0,1.0,0.0,3.333333,0.22222199999999998,0.0,0.0,0.0,0.22222199999999998,0.042683,0.0,0.3,0.0,0.053763,0.012195000000000001,0.0,0.1,0.0,0.016128999999999998,0.018293,0.0,0.1,0.0,0.021505,0.014228,0.0,0.1,0.0,0.017921,8e-06,0.0,0.0,0.0,6e-06,15.014676999999999,0.0,19.673353,0.0,21.928252,3.456385,0.0,5.373163,0.0,4.594393,6.157833999999999,0.0,7.985784,0.0,9.234893,5.004892,0.0,6.557784,0.0,7.309417,1.29454,0.0,1.167248,0.0,3.9007330000000002,1,0,1,0,1,0.989585,0.0,1.0,0.0,0.995185,17.086598000000002,0.0,16.461859,0.0,18.670056,-13.907266,-21.242171,-10.497324,-25.436073999999998,-12.793845,-19.937663,-24.805464,-21.468789,-27.690319,-19.029533999999998,-13.124289000000001,-24.041386,-7.222766,-28.119826,-12.404525999999999,2,44,5,30,23870,63634,3,4,0,0,0.0
0,1,3,0,3,0,3,1.0,0.0,1.0,0.0,1.0,171,3,10,10,194,6.931275,22.076928,19.673353,22.255383,6.926551,7,0,3,0,10,2,0,1,0,3,3,0,1,0,4,2.333333,0.0,1.0,0.0,3.333333,0.22222199999999998,0.0,0.0,0.0,0.22222199999999998,0.040936,0.0,0.3,0.0,0.051546,0.011696,0.0,0.1,0.0,0.015463999999999999,0.017544,0.0,0.1,0.0,0.020619,0.013645,0.0,0.1,0.0,0.017182,8e-06,0.0,0.0,0.0,6e-06,15.014676999999999,0.0,19.673353,0.0,21.928252,3.456385,0.0,5.373163,0.0,4.594393,6.157833999999999,0.0,7.985784,0.0,9.234893,5.004892,0.0,6.557784,0.0,7.309417,1.29454,0.0,1.167248,0.0,3.9007330000000002,1,0,1,0,1,0.989585,0.0,1.0,0.0,0.995185,16.992520000000003,0.0,16.461859,0.0,18.584588,-14.031635000000001,-21.242171,-10.497324,-25.436073999999998,-12.91952,-19.947352,-24.805464,-21.468789,-27.690319,-19.040492999999998,-13.249404,-24.041386,-7.222766,-28.119826,-12.530633,2,44,5,30,23865,63634,2,4,0,0,0.0
0,1,3,0,3,0,3,1.0,0.0,1.0,0.0,1.0,217,3,10,10,240,6.931275,22.076928,19.673353,22.255383,6.926551,7,0,3,0,10,2,0,1,0,3,3,0,1,0,4,2.333333,0.0,1.0,0.0,3.333333,0.22222199999999998,0.0,0.0,0.0,0.22222199999999998,0.032257999999999995,0.0,0.3,0.0,0.041667,0.009217,0.0,0.1,0.0,0.0125,0.013825,0.0,0.1,0.0,0.016666999999999998,0.010753,0.0,0.1,0.0,0.013888999999999999,5e-06,0.0,0.0,0.0,4e-06,15.014676999999999,0.0,19.673353,0.0,21.928252,3.456385,0.0,5.373163,0.0,4.594393,6.157833999999999,0.0,7.985784,0.0,9.234893,5.004892,0.0,6.557784,0.0,7.309417,1.29454,0.0,1.167248,0.0,3.9007330000000002,1,0,1,0,1,0.989585,0.0,1.0,0.0,0.995185,16.399418,0.0,16.461859,0.0,18.108031,-14.736476999999999,-21.242171,-10.497324,-25.436073999999998,-13.5515,-20.010253,-24.805464,-21.468789,-27.690319,-19.102741,-13.96229,-24.041386,-7.222766,-28.119826,-13.167673,2,44,5,30,23929,63634,2,3,0,0,0.0
1,1,3,0,3,1,3,1.0,0.0,1.0,0.333333,1.0,749,0,16,6,771,6.931275,22.076928,19.673353,22.255383,6.926551,21,0,6,1,28,2,0,1,0,4,12,0,3,1,15,7.0,0.0,2.0,0.333333,9.333333,16.666667,0.0,0.666667,0.22222199999999998,20.222222,0.028037,0.0,0.375,0.166667,0.036316,0.00267,0.0,0.0625,0.0,0.005188,0.016021,0.0,0.1875,0.166667,0.019455,0.009346,0.0,0.125,0.055555999999999994,0.012105,2.9999999999999997e-05,0.0,0.002604,0.006173,3.4e-05,50.412362,0.0,37.675328,8.889061,67.31047,5.400458,0.0,7.985784,0.0,10.337385000000001,36.947005,0.0,18.943219,8.889061,46.174463,16.804121,0.0,12.558442999999999,2.96302,22.436823,204.051106,0.0,21.652781,17.558981,281.773235,1,0,1,0,1,0.8487450000000001,0.0,0.903035,0.682362,0.888834,16.477178,0.0,18.870931,10.735438,18.527447,-15.281610999999998,-21.242171,-8.419997,-21.266429000000002,-13.944156,-18.314932000000002,-24.805464,-20.281407,-25.135274,-17.270872,-15.034125,-24.041386,-6.8412690000000005,-24.059855,-13.957709,2,35,36,0,22901,12302,1,3,58,2,14.2
0,1,3,0,3,0,3,1.0,0.0,1.0,0.0,1.0,167,3,10,10,190,6.931275,22.076928,19.673353,22.255383,6.926551,7,0,3,0,10,2,0,1,0,3,3,0,1,0,4,2.333333,0.0,1.0,0.0,3.333333,0.22222199999999998,0.0,0.0,0.0,0.22222199999999998,0.041916,0.0,0.3,0.0,0.052632000000000005,0.011976,0.0,0.1,0.0,0.015788999999999997,0.017963999999999997,0.0,0.1,0.0,0.021053,0.013972,0.0,0.1,0.0,0.017544,8e-06,0.0,0.0,0.0,6e-06,15.014676999999999,0.0,19.673353,0.0,21.928252,3.456385,0.0,5.373163,0.0,4.594393,6.157833999999999,0.0,7.985784,0.0,9.234893,5.004892,0.0,6.557784,0.0,7.309417,1.29454,0.0,1.167248,0.0,3.9007330000000002,1,0,1,0,1,0.989585,0.0,1.0,0.0,0.995185,17.04615,0.0,16.461859,0.0,18.627223,-13.960967000000002,-21.242171,-10.497324,-25.436073999999998,-12.857237,-19.941819,-24.805464,-21.468789,-27.690319,-19.035018,-13.178552,-24.041386,-7.222766,-28.119826,-12.468244,2,44,5,30,23848,63634,3,3,0,0,0.0
0,1,3,0,3,0,3,1.0,0.0,1.0,0.0,1.0,167,3,10,10,190,6.931275,22.076928,19.673353,22.255383,6.926551,7,0,3,0,10,2,0,1,0,3,3,0,1,0,4,2.333333,0.0,1.0,0.0,3.333333,0.22222199999999998,0.0,0.0,0.0,0.22222199999999998,0.041916,0.0,0.3,0.0,0.052632000000000005,0.011976,0.0,0.1,0.0,0.015788999999999997,0.017963999999999997,0.0,0.1,0.0,0.021053,0.013972,0.0,0.1,0.0,0.017544,8e-06,0.0,0.0,0.0,6e-06,15.014676999999999,0.0,19.673353,0.0,21.928252,3.456385,0.0,5.373163,0.0,4.594393,6.157833999999999,0.0,7.985784,0.0,9.234893,5.004892,0.0,6.557784,0.0,7.309417,1.29454,0.0,1.167248,0.0,3.9007330000000002,1,0,1,0,1,0.989585,0.0,1.0,0.0,0.995185,17.04615,0.0,16.461859,0.0,18.627223,-13.961307000000001,-21.242171,-10.497324,-25.436073999999998,-12.857457,-19.941819,-24.805464,-21.468789,-27.690319,-19.035018,-13.178552,-24.041386,-7.222766,-28.119826,-12.468244,2,44,5,30,23836,63634,2,3,0,0,0.0
0,1,3,0,3,0,3,1.0,0.0,1.0,0.0,1.0,163,2,10,10,185,6.931275,22.076928,19.673353,22.255383,6.926551,7,0,3,0,10,2,0,1,0,3,3,0,1,0,4,2.333333,0.0,1.0,0.0,3.333333,0.22222199999999998,0.0,0.0,0.0,0.22222199999999998,0.042945,0.0,0.3,0.0,0.054054,0.01227,0.0,0.1,0.0,0.016216,0.018405,0.0,0.1,0.0,0.021622,0.014315000000000001,0.0,0.1,0.0,0.018018,8e-06,0.0,0.0,0.0,6e-06,15.014676999999999,0.0,19.673353,0.0,21.928252,3.456385,0.0,5.373163,0.0,4.594393,6.157833999999999,0.0,7.985784,0.0,9.234893,5.004892,0.0,6.557784,0.0,7.309417,1.29454,0.0,1.167248,0.0,3.9007330000000002,1,0,1,0,1,0.989585,0.0,1.0,0.0,0.995185,17.100123,0.0,16.461859,0.0,18.680795,-13.888917000000001,-21.242171,-10.497324,-25.436073999999998,-12.777672,-19.936277,-24.805464,-21.468789,-27.690319,-19.028160999999997,-13.105979,-24.041386,-7.222766,-28.119826,-12.388380999999999,2,44,5,30,23848,63634,3,4,0,0,0.0
0,1,3,0,3,0,3,1.0,0.0,1.0,0.0,1.0,166,3,10,10,189,6.931275,22.076928,19.673353,22.255383,6.926551,7,0,3,0,10,2,0,1,0,3,3,0,1,0,4,2.333333,0.0,1.0,0.0,3.333333,0.22222199999999998,0.0,0.0,0.0,0.22222199999999998,0.042169,0.0,0.3,0.0,0.052910000000000006,0.012048,0.0,0.1,0.0,0.015872999999999998,0.018072,0.0,0.1,0.0,0.021164,0.014056,0.0,0.1,0.0,0.017637,8e-06,0.0,0.0,0.0,6e-06,15.014676999999999,0.0,19.673353,0.0,21.928252,3.456385,0.0,5.373163,0.0,4.594393,6.157833999999999,0.0,7.985784,0.0,9.234893,5.004892,0.0,6.557784,0.0,7.309417,1.29454,0.0,1.167248,0.0,3.9007330000000002,1,0,1,0,1,0.989585,0.0,1.0,0.0,0.995185,17.059611,0.0,16.461859,0.0,18.637913,-13.942607999999998,-21.242171,-10.497324,-25.436073999999998,-12.841186,-19.940435,-24.805464,-21.468789,-27.690319,-19.033648,-13.160573999999999,-24.041386,-7.222766,-28.119826,-12.452442,2,43,5,30,23865,63634,3,4,0,0,0.0
0,1,3,0,3,0,3,1.0,0.0,1.0,0.0,1.0,163,1,10,10,184,6.931275,22.076928,19.673353,22.255383,6.926551,7,0,3,0,10,2,0,1,0,3,3,0,1,0,4,2.333333,0.0,1.0,0.0,3.333333,0.22222199999999998,0.0,0.0,0.0,0.22222199999999998,0.042945,0.0,0.3,0.0,0.054348,0.01227,0.0,0.1,0.0,0.016304,0.018405,0.0,0.1,0.0,0.021738999999999998,0.014315000000000001,0.0,0.1,0.0,0.018116,8e-06,0.0,0.0,0.0,7.000000000000001e-06,15.014676999999999,0.0,19.673353,0.0,21.928252,3.456385,0.0,5.373163,0.0,4.594393,6.157833999999999,0.0,7.985784,0.0,9.234893,5.004892,0.0,6.557784,0.0,7.309417,1.29454,0.0,1.167248,0.0,3.9007330000000002,1,0,1,0,1,0.989585,0.0,1.0,0.0,0.995185,17.100123,0.0,16.461859,0.0,18.691546,-13.888917000000001,-21.242171,-10.497324,-25.436073999999998,-12.761412,-19.936277,-24.805464,-21.468789,-27.690319,-19.026788,-13.105979,-24.041386,-7.222766,-28.119826,-12.37215,2,44,5,30,23842,63634,3,4,0,0,0.0
0,1,3,0,3,0,3,1.0,0.0,1.0,0.0,1.0,169,3,10,10,192,6.931275,22.076928,19.673353,22.255383,6.926551,7,0,3,0,10,2,0,1,0,3,3,0,1,0,4,2.333333,0.0,1.0,0.0,3.333333,0.22222199999999998,0.0,0.0,0.0,0.22222199999999998,0.04142,0.0,0.3,0.0,0.052083000000000004,0.011834,0.0,0.1,0.0,0.015625,0.017751,0.0,0.1,0.0,0.020833,0.013807,0.0,0.1,0.0,0.017361,8e-06,0.0,0.0,0.0,6e-06,15.014676999999999,0.0,19.673353,0.0,21.928252,3.456385,0.0,5.373163,0.0,4.594393,6.157833999999999,0.0,7.985784,0.0,9.234893,5.004892,0.0,6.557784,0.0,7.309417,1.29454,0.0,1.167248,0.0,3.9007330000000002,1,0,1,0,1,0.989585,0.0,1.0,0.0,0.995185,17.019292,0.0,16.461859,0.0,18.605881,-13.99634,-21.242171,-10.497324,-25.436073999999998,-12.888431,-19.944587,-24.805464,-21.468789,-27.690319,-19.037757,-13.214188,-24.041386,-7.222766,-28.119826,-12.499602000000001,2,43,5,30,23865,63634,2,4,0,0,0.0
0,1,3,0,3,0,3,1.0,0.0,1.0,0.0,1.0,284,2,10,10,306,6.931275,22.076928,19.673353,22.255383,6.926551,7,0,3,0,10,2,0,1,0,3,3,0,1,0,4,2.333333,0.0,1.0,0.0,3.333333,0.22222199999999998,0.0,0.0,0.0,0.22222199999999998,0.024648,0.0,0.3,0.0,0.03268,0.0070420000000000005,0.0,0.1,0.0,0.009804,0.010563,0.0,0.1,0.0,0.013072,0.008216,0.0,0.1,0.0,0.010893,3e-06,0.0,0.0,0.0,2e-06,15.014676999999999,0.0,19.673353,0.0,21.928252,3.456385,0.0,5.373163,0.0,4.594393,6.157833999999999,0.0,7.985784,0.0,9.234893,5.004892,0.0,6.557784,0.0,7.309417,1.29454,0.0,1.167248,0.0,3.9007330000000002,1,0,1,0,1,0.989585,0.0,1.0,0.0,0.995185,15.606688,0.0,16.461859,0.0,17.465684,-15.550502999999999,-21.242171,-10.497324,-25.436073999999998,-14.284723999999999,-20.099573,-24.805464,-21.468789,-27.690319,-19.189857,-14.766879000000001,-24.041386,-7.222766,-28.119826,-13.894644,2,44,5,32,23870,63634,3,6,0,0,0.0
2,1,3,0,3,0,3,1.0,0.0,1.0,0.0,1.0,545,1,4,7,557,6.931275,22.076928,19.673353,22.255383,6.926551,12,0,3,0,15,3,0,1,0,4,5,0,1,0,6,4.0,0.0,1.0,0.0,5.0,0.666667,0.0,0.0,0.0,0.666667,0.022018,0.0,0.75,0.0,0.026930000000000003,0.0055049999999999995,0.0,0.25,0.0,0.007181,0.009174,0.0,0.25,0.0,0.010772,0.007339,0.0,0.25,0.0,0.008976999999999999,2e-06,0.0,0.0,0.0,2e-06,26.176998,0.0,19.673353,0.0,33.081699,5.760642,0.0,5.373163,0.0,6.891589999999999,12.315667999999999,0.0,7.985784,0.0,15.391488,8.725666,0.0,6.557784,0.0,11.027233,7.356694,0.0,1.167248,0.0,12.067509,1,0,1,0,1,0.9852770000000001,0.0,1.0,0.0,0.9907950000000001,16.278542,0.0,26.759999,0.0,17.513136,-15.363646,-21.242171,-7.761830000000001,-25.436073999999998,-14.605732999999999,-19.045687,-24.805464,-21.45982,-27.690319,-18.436263,-15.111322,-24.041386,-4.474536,-28.119826,-14.485732999999998,3,55,6,7,3418,48469,1,14,0,0,0.0
0,1,3,0,3,0,3,1.0,0.0,1.0,0.0,1.0,164,2,10,10,186,6.931275,22.076928,19.673353,22.255383,6.926551,7,0,3,0,10,2,0,1,0,3,3,0,1,0,4,2.333333,0.0,1.0,0.0,3.333333,0.22222199999999998,0.0,0.0,0.0,0.22222199999999998,0.042683,0.0,0.3,0.0,0.053763,0.012195000000000001,0.0,0.1,0.0,0.016128999999999998,0.018293,0.0,0.1,0.0,0.021505,0.014228,0.0,0.1,0.0,0.017921,8e-06,0.0,0.0,0.0,6e-06,15.014676999999999,0.0,19.673353,0.0,21.928252,3.456385,0.0,5.373163,0.0,4.594393,6.157833999999999,0.0,7.985784,0.0,9.234893,5.004892,0.0,6.557784,0.0,7.309417,1.29454,0.0,1.167248,0.0,3.9007330000000002,1,0,1,0,1,0.989585,0.0,1.0,0.0,0.995185,17.086598000000002,0.0,16.461859,0.0,18.670056,-13.907266,-21.242171,-10.497324,-25.436073999999998,-12.793845,-19.937663,-24.805464,-21.468789,-27.690319,-19.029533999999998,-13.124289000000001,-24.041386,-7.222766,-28.119826,-12.404525999999999,2,43,5,30,23842,63634,3,4,0,0,0.0
0,1,3,0,3,0,3,1.0,0.0,1.0,0.0,1.0,163,1,10,10,184,6.931275,22.076928,19.673353,22.255383,6.926551,7,0,3,0,10,2,0,1,0,3,3,0,1,0,4,2.333333,0.0,1.0,0.0,3.333333,0.22222199999999998,0.0,0.0,0.0,0.22222199999999998,0.042945,0.0,0.3,0.0,0.054348,0.01227,0.0,0.1,0.0,0.016304,0.018405,0.0,0.1,0.0,0.021738999999999998,0.014315000000000001,0.0,0.1,0.0,0.018116,8e-06,0.0,0.0,0.0,7.000000000000001e-06,15.014676999999999,0.0,19.673353,0.0,21.928252,3.456385,0.0,5.373163,0.0,4.594393,6.157833999999999,0.0,7.985784,0.0,9.234893,5.004892,0.0,6.557784,0.0,7.309417,1.29454,0.0,1.167248,0.0,3.9007330000000002,1,0,1,0,1,0.989585,0.0,1.0,0.0,0.995185,17.100123,0.0,16.461859,0.0,18.691546,-13.888917000000001,-21.242171,-10.497324,-25.436073999999998,-12.761412,-19.936277,-24.805464,-21.468789,-27.690319,-19.026788,-13.105979,-24.041386,-7.222766,-28.119826,-12.37215,2,44,4,30,23848,63634,3,4,0,0,0.0
0,1,0,0,0,0,0,0.0,0.0,0.0,0.0,0.0,53,0,8,5,66,6.931275,22.076928,19.673353,22.255383,6.926551,0,0,0,0,0,0,0,0,0,0,0,0,0,0,0,0.0,0.0,0.0,0.0,0.0,0.0,0.0,0.0,0.0,0.0,0.0,0.0,0.0,0.0,0.0,0.0,0.0,0.0,0.0,0.0,0.0,0.0,0.0,0.0,0.0,0.0,0.0,0.0,0.0,0.0,0.0,0.0,0.0,0.0,0.0,0.0,0.0,0.0,0.0,0.0,0.0,0.0,0.0,0.0,0.0,0.0,0.0,0.0,0.0,0.0,0.0,0.0,0.0,0.0,0.0,0.0,0.0,0.0,0.0,0.0,0,0,0,0,0,0.0,0.0,0.0,0.0,0.0,0.0,0.0,0.0,0.0,0.0,-30.363118,-21.242171,-20.838749,-25.436073999999998,-30.366374,-28.080339000000002,-24.805464,-24.497864,-27.690319,-28.098015000000004,-30.727024,-24.041386,-23.634899,-28.119826,-30.739884999999997,1,20,0,0,58845,60229,1,4,0,753,7.740980832999999
0,1,3,0,3,0,3,1.0,0.0,1.0,0.0,1.0,164,1,10,10,185,6.931275,22.076928,19.673353,22.255383,6.926551,7,0,3,0,10,2,0,1,0,3,3,0,1,0,4,2.333333,0.0,1.0,0.0,3.333333,0.22222199999999998,0.0,0.0,0.0,0.22222199999999998,0.042683,0.0,0.3,0.0,0.054054,0.012195000000000001,0.0,0.1,0.0,0.016216,0.018293,0.0,0.1,0.0,0.021622,0.014228,0.0,0.1,0.0,0.018018,8e-06,0.0,0.0,0.0,6e-06,15.014676999999999,0.0,19.673353,0.0,21.928252,3.456385,0.0,5.373163,0.0,4.594393,6.157833999999999,0.0,7.985784,0.0,9.234893,5.004892,0.0,6.557784,0.0,7.309417,1.29454,0.0,1.167248,0.0,3.9007330000000002,1,0,1,0,1,0.989585,0.0,1.0,0.0,0.995185,17.086598000000002,0.0,16.461859,0.0,18.680795,-13.906925,-21.242171,-10.497324,-25.436073999999998,-12.777452,-19.937663,-24.805464,-21.468789,-27.690319,-19.028160999999997,-13.124289000000001,-24.041386,-7.222766,-28.119826,-12.388380999999999,2,44,5,30,23860,63634,3,4,0,0,0.0
0,1,3,2,2,0,3,1.0,0.666667,0.666667,0.0,1.0,287,2,15,7,311,6.931275,22.076928,19.673353,22.255383,6.926551,14,2,2,0,18,2,0,0,0,2,6,1,1,0,8,4.6666669999999995,0.666667,0.666667,0.0,6.0,3.5555559999999997,0.22222199999999998,0.22222199999999998,0.0,8.0,0.048780000000000004,1.0,0.13333299999999998,0.0,0.057878,0.0069689999999999995,0.0,0.0,0.0,0.006431,0.020906,0.5,0.06666699999999999,0.0,0.025723000000000003,0.01626,0.333333,0.044444,0.0,0.019293,4.3e-05,0.055555999999999994,0.0009880000000000002,0.0,8.3e-05,30.786731,13.559585,11.687569,0.0,39.214478,5.400458,0.0,0.0,0.0,5.399311,18.473503,7.567125,6.314406,0.0,24.626379999999997,10.262244,4.519862,3.8958559999999998,0.0,13.071492999999998,34.093568,10.627836,7.736505,0.0,69.151071,1,0,0,0,1,0.914841,0.7498819999999999,0.720414,0.0,0.887299,18.286270000000002,18.071691,7.404953999999999,0.0,18.674751,-13.355788,-13.777744,-18.275843,-25.436073999999998,-12.960336999999999,-18.562355,-23.490891,-23.943582,-27.690319,-18.078776,-13.011542,-13.531254999999998,-17.907498,-28.119826,-12.677802,2,33,2,2,11886,29019,3,7,0,0,0.0
1,1,3,3,3,3,3,1.0,1.0,1.0,1.0,1.0,843,3,13,9,868,6.931275,22.076928,19.673353,22.255383,6.926551,164,3,5,4,176,34,1,1,1,37,83,1,3,2,89,54.666667000000004,1.0,1.666667,1.333333,58.666667000000004,429.55555599999997,0.0,0.8888889999999999,0.22222199999999998,488.222222,0.194543,1.0,0.384615,0.44444399999999995,0.202765,0.040332,0.333333,0.076923,0.11111099999999999,0.042627,0.098458,0.333333,0.230769,0.22222199999999998,0.10253499999999999,0.064848,0.333333,0.12820499999999999,0.148148,0.067588,0.000604,0.0,0.00526,0.0027429999999999998,0.000648,401.507942,22.076928,32.302165,29.749623,431.28564900000003,54.150038,5.9924599999999995,5.373163,5.872082,57.429914000000004,255.55012000000002,8.517342999999999,18.943219,14.98848,273.968482,133.835981,7.358975999999999,10.767388,9.916541,143.761883,7643.516859,1.0841690000000002,34.559731,14.379310999999998,8777.316855,1,1,1,1,1,0.931392,1.0,0.867778,0.94281,0.93275,23.082806,24.228488,18.862781,25.774424,23.144228,-8.455496,-6.899700999999999,-9.251211999999999,-8.730413,-8.324052,-12.023182,-21.338110999999998,-20.637425,-21.509757,-11.835934,-8.729772,-3.611534,-6.911181,-6.214222,-8.601296000000001,3,57,0,3,2468,24730,23,80,0,0,0.0
1,1,2,0,2,0,2,0.666667,0.0,0.666667,0.0,0.666667,275,0,9,7,291,6.931275,22.076928,19.673353,22.255383,6.926551,8,0,2,0,10,0,0,0,0,0,4,0,1,0,5,2.666667,0.0,0.666667,0.0,3.333333,3.5555559999999997,0.0,0.22222199999999998,0.0,5.555556,0.029091000000000002,0.0,0.22222199999999998,0.0,0.034364,0.0,0.0,0.0,0.0,0.0,0.014544999999999999,0.0,0.11111099999999999,0.0,0.017182,0.009696999999999999,0.0,0.074074,0.0,0.011455,4.7e-05,0.0,0.0027429999999999998,0.0,6.6e-05,16.924182000000002,0.0,11.687569,0.0,21.134479000000002,0.0,0.0,0.0,0.0,0.0,12.315667999999999,0.0,6.314406,0.0,15.391488,5.641394,0.0,3.8958559999999998,0.0,7.044826,25.812701999999998,0.0,7.736505,0.0,40.33037,0,0,0,0,0,0.778891,0.0,0.720414,0.0,0.778803,11.478983,0.0,10.449928,0.0,11.964273,-18.932962,-21.242171,-17.119535,-25.436073999999998,-18.563660000000002,-21.452647,-24.805464,-23.934635999999998,-27.690319,-21.109178,-19.96388,-24.041386,-16.886457,-28.119826,-19.647973,3,35,1753,9,6389,30537,1,5,0,20,42.6
0,1,3,0,3,0,3,1.0,0.0,1.0,0.0,1.0,164,2,10,10,186,6.931275,22.076928,19.673353,22.255383,6.926551,7,0,3,0,10,2,0,1,0,3,3,0,1,0,4,2.333333,0.0,1.0,0.0,3.333333,0.22222199999999998,0.0,0.0,0.0,0.22222199999999998,0.042683,0.0,0.3,0.0,0.053763,0.012195000000000001,0.0,0.1,0.0,0.016128999999999998,0.018293,0.0,0.1,0.0,0.021505,0.014228,0.0,0.1,0.0,0.017921,8e-06,0.0,0.0,0.0,6e-06,15.014676999999999,0.0,19.673353,0.0,21.928252,3.456385,0.0,5.373163,0.0,4.594393,6.157833999999999,0.0,7.985784,0.0,9.234893,5.004892,0.0,6.557784,0.0,7.309417,1.29454,0.0,1.167248,0.0,3.9007330000000002,1,0,1,0,1,0.989585,0.0,1.0,0.0,0.995185,17.086598000000002,0.0,16.461859,0.0,18.670056,-13.906925,-21.242171,-10.497324,-25.436073999999998,-12.793625,-19.937663,-24.805464,-21.468789,-27.690319,-19.029533999999998,-13.124289000000001,-24.041386,-7.222766,-28.119826,-12.404525999999999,2,44,5,30,22584,63520,3,4,0,0,0.0
0,6,3,0,1,1,3,1.0,0.0,0.333333,0.333333,1.0,227,0,3,8,238,12.930661,27.439608000000003,24.55834,25.967903,12.922252,8,0,1,1,10,1,0,0,0,1,4,0,1,1,5,2.666667,0.0,0.333333,0.333333,3.333333,1.555556,0.0,0.22222199999999998,0.22222199999999998,2.888889,0.035242,0.0,0.333333,0.125,0.042017,0.004405,0.0,0.0,0.0,0.004202,0.017621,0.0,0.333333,0.125,0.021008000000000002,0.011747,0.0,0.11111099999999999,0.041667,0.014006000000000001,2.9999999999999997e-05,0.0,0.024691,0.003472,5.1e-05,24.274670999999998,0.0,7.946849,8.920302000000001,33.294636,3.072883,0.0,0.0,0.0,3.0655040000000002,13.55902,0.0,7.946849,8.920302000000001,22.59157,8.091557,0.0,2.64895,2.973434,11.098212,18.427218,0.0,14.033869000000001,17.68262,69.532593,1,0,0,0,1,0.8601620000000001,0.0,0.540872,0.580025,0.762622,26.944307000000002,0.0,12.06763,9.28079,28.159855,-15.42637,-25.537956,-23.45342,-25.255352,-14.942597,-20.292958,-29.812496000000003,-27.945014,-28.839965999999997,-19.806814000000003,-14.100898999999998,-28.333510999999998,-26.246971999999996,-28.048847,-13.731933999999999,2,59,0,0,120,1,20,16,0,0,0.0
0,6,3,0,1,0,3,1.0,0.0,0.333333,0.0,1.0,542,0,3,6,551,12.930661,27.439608000000003,24.55834,25.967903,12.922252,22,0,1,0,23,6,0,0,0,6,10,0,1,0,11,7.3333330000000005,0.0,0.333333,0.0,7.6666669999999995,3.5555559999999997,0.0,0.22222199999999998,0.0,5.555556,0.04059,0.0,0.333333,0.0,0.041742,0.01107,0.0,0.0,0.0,0.010889,0.01845,0.0,0.333333,0.0,0.019964,0.01353,0.0,0.11111099999999999,0.0,0.013914,1.2e-05,0.0,0.024691,0.0,1.8e-05,95.662662,0.0,7.946849,0.0,100.12508199999999,4.609325,0.0,0.0,0.0,4.598256,45.856602,0.0,7.946849,0.0,49.701454999999996,31.887553999999998,0.0,2.64895,0.0,33.375027,372.123464,0.0,14.033869000000001,0.0,416.555282,1,0,0,0,1,0.9704879999999999,0.0,0.540872,0.0,0.957901,36.04541,0.0,12.06763,0.0,36.245813,-13.295801,-25.537956,-23.45342,-28.274139,-13.243067000000002,-17.400631,-29.812496000000003,-27.945014,-31.249584000000002,-17.318516,-13.307858999999999,-28.333510999999998,-26.246971999999996,-31.073240999999996,-13.261920000000002,2,32,0,0,120,2,3,3,0,0,0.0
0,6,3,0,3,1,3,1.0,0.0,1.0,0.333333,1.0,629,0,10,6,645,12.930661,27.439608000000003,24.55834,25.967903,12.922252,18,0,3,1,22,2,0,1,0,3,11,0,1,1,13,6.0,0.0,1.0,0.333333,7.3333330000000005,14.0,0.0,0.0,0.22222199999999998,17.555556,0.028617,0.0,0.3,0.166667,0.034109,0.00318,0.0,0.1,0.0,0.004651,0.017488,0.0,0.1,0.166667,0.020155000000000003,0.009539,0.0,0.1,0.055555999999999994,0.01137,3.5e-05,0.0,0.0,0.006173,4.2e-05,68.843047,0.0,24.55834,8.920302000000001,86.249025,3.841104,0.0,5.5914470000000005,0.0,4.598256,49.716408,0.0,11.020044,8.920302000000001,58.738082999999996,22.947682,0.0,8.186113,2.973434,28.749675,380.111514,0.0,4.9402349999999995,17.68262,505.555358,1,0,1,0,1,0.743276,0.0,1.0,0.580025,0.7900729999999999,28.633207000000002,0.0,20.549417000000002,10.773166999999999,31.699244,-15.239685999999999,-25.537956,-10.505668,-24.967745,-14.365456,-18.646746,-29.812496000000003,-21.972917000000002,-28.836976,-17.953545000000002,-14.937019,-28.333510999999998,-7.223166,-27.761169,-14.259223,3,33,0,0,117,20539,10,39,0,0,0.0
1,6,3,0,3,1,3,1.0,0.0,1.0,0.333333,1.0,629,0,11,6,646,12.930661,27.439608000000003,24.55834,25.967903,12.922252,24,0,3,1,28,2,0,1,0,3,14,0,1,1,16,8.0,0.0,1.0,0.333333,9.333333,24.0,0.0,0.0,0.22222199999999998,28.222222,0.038156,0.0,0.272727,0.166667,0.043344,0.00318,0.0,0.090909,0.0,0.004644,0.022258,0.0,0.090909,0.166667,0.024768000000000002,0.012719,0.0,0.090909,0.055555999999999994,0.014447999999999999,6.1e-05,0.0,0.0,0.006173,6.8e-05,84.70673000000001,0.0,24.55834,8.920302000000001,102.103095,6.145767,0.0,5.5914470000000005,0.0,6.897384,63.275429,0.0,11.020044,8.920302000000001,72.293025,28.235577000000003,0.0,8.186113,2.973434,34.034365,627.818184,0.0,4.9402349999999995,17.68262,774.6108429999999,1,0,1,0,1,0.702634,0.0,1.0,0.580025,0.750016,29.322267999999998,0.0,19.310841,10.773166999999999,32.22618,-14.470185999999998,-25.537956,-10.790207,-24.967745,-13.714208,-18.029495,-29.812496000000003,-21.974409,-28.836976,-17.412584,-14.229913,-28.333510999999998,-7.50903,-27.761169,-13.653812,3,34,0,1,117,20539,16,43,0,0,0.0
0,6,3,0,3,0,3,1.0,0.0,1.0,0.0,1.0,476,7,18,9,510,12.930661,27.439608000000003,24.55834,25.967903,12.922252,23,0,4,0,27,5,0,1,0,6,11,0,2,0,13,7.6666669999999995,0.0,1.333333,0.0,9.0,6.222222,0.0,0.22222199999999998,0.0,8.666667,0.048319,0.0,0.22222199999999998,0.0,0.052940999999999995,0.010504000000000001,0.0,0.055555999999999994,0.0,0.011765000000000001,0.023109,0.0,0.11111099999999999,0.0,0.025490000000000002,0.016106,0.0,0.074074,0.0,0.017647,2.7000000000000002e-05,0.0,0.000686,0.0,3.3e-05,93.30779,0.0,32.505189,0.0,110.69446200000002,5.377546,0.0,5.5914470000000005,0.0,6.1310080000000005,49.716408,0.0,15.893698,0.0,58.738082999999996,31.102596999999996,0.0,10.835063,0.0,36.898154,352.940649,0.0,17.706507000000002,0.0,501.098317,1,0,1,0,1,0.929267,0.0,0.9432790000000001,0.0,0.9318799999999999,36.07512,0.0,16.776315,0.0,37.041329,-12.844885000000001,-25.537956,-10.795846000000001,-28.274139,-12.520458,-17.284733,-29.812496000000003,-21.339596,-31.249584000000002,-16.868133,-12.853116,-28.333510999999998,-8.292894,-31.073240999999996,-12.577621,2,55,1,6,266,49736,1,6,0,0,0.0
1,6,3,0,2,0,3,1.0,0.0,0.666667,0.0,1.0,768,1,4,8,781,12.930661,27.439608000000003,24.55834,25.967903,12.922252,24,0,2,0,26,4,0,0,0,5,15,0,1,0,16,8.0,0.0,0.666667,0.0,8.666667,24.666667,0.0,0.22222199999999998,0.0,26.888889000000002,0.03125,0.0,0.5,0.0,0.033291,0.005208,0.0,0.0,0.0,0.006402,0.019531,0.0,0.25,0.0,0.020487000000000002,0.010417000000000001,0.0,0.166667,0.0,0.011097,4.2e-05,0.0,0.013888999999999999,0.0,4.4e-05,140.312757,0.0,16.611491,0.0,148.62444,3.072883,0.0,0.0,0.0,3.8318800000000004,114.641506,0.0,11.020044,0.0,122.20098999999999,46.770919,0.0,5.537164,0.0,49.54148,2366.74906,0.0,20.241701000000003,0.0,2698.356511,1,0,0,0,1,0.939285,0.0,0.8411049999999999,0.0,0.9358569999999999,35.599918,0.0,22.595207000000002,0.0,35.944234,-14.569134,-25.537956,-15.403881,-28.274139,-14.297935,-17.735677,-29.812496000000003,-24.33309,-31.249584000000002,-17.521895,-14.526816,-28.333510999999998,-15.157461999999999,-31.073240999999996,-14.292651999999999,3,69,3,5,153,90,11,7,0,0,0.0
0,6,3,0,3,0,3,1.0,0.0,1.0,0.0,1.0,425,0,11,8,444,12.930661,27.439608000000003,24.55834,25.967903,12.922252,27,0,3,0,30,9,0,1,0,10,9,0,1,0,10,9.0,0.0,1.0,0.0,10.0,0.0,0.0,0.0,0.0,0.0,0.063529,0.0,0.272727,0.0,0.06756799999999999,0.021176,0.0,0.090909,0.0,0.022522999999999998,0.021176,0.0,0.090909,0.0,0.022522999999999998,0.021176,0.0,0.090909,0.0,0.022522999999999998,0.0,0.0,0.0,0.0,0.0,116.37595300000001,0.0,24.55834,0.0,129.22252,6.913987,0.0,5.5914470000000005,0.0,7.663760000000001,68.784904,0.0,11.020044,0.0,76.375619,38.791984,0.0,8.186113,0.0,43.074172999999995,639.778472,0.0,4.9402349999999995,0.0,789.110451,1,0,1,0,1,1.0,0.0,1.0,0.0,1.0,38.716707,0.0,19.310841,0.0,39.187047,-11.795521,-25.537956,-10.790207,-28.274139,-11.586599,-16.624067,-29.812496000000003,-21.974409,-31.249584000000002,-16.34817,-11.876472999999999,-28.333510999999998,-7.50903,-31.073240999999996,-11.691887,2,46,8,1,256,13951,1,97,0,0,0.0
0,6,3,0,2,0,3,1.0,0.0,0.666667,0.0,1.0,120,3,4,9,136,12.930661,27.439608000000003,24.55834,25.967903,12.922252,8,0,2,0,10,1,0,0,0,2,4,0,1,0,4,2.666667,0.0,0.666667,0.0,3.333333,1.555556,0.0,0.22222199999999998,0.0,0.8888889999999999,0.06666699999999999,0.0,0.5,0.0,0.073529,0.008333,0.0,0.0,0.0,0.014706,0.033333,0.0,0.25,0.0,0.029412,0.022222,0.0,0.166667,0.0,0.02451,0.00010800000000000001,0.0,0.013888999999999999,0.0,4.8e-05,41.775216,0.0,16.611491,0.0,50.156256,0.768221,0.0,0.0,0.0,1.5327520000000001,22.928301,0.0,11.020044,0.0,30.550247,13.925072,0.0,5.537164,0.0,16.718752,90.471148,0.0,20.241701000000003,0.0,141.253181,1,0,0,0,1,0.9871620000000001,0.0,0.8411049999999999,0.0,0.9979520000000001,35.903202,0.0,22.595207000000002,0.0,37.217636999999996,-13.383728,-25.537956,-15.403881,-28.274139,-12.046722,-19.542842,-29.812496000000003,-24.33309,-31.249584000000002,-18.951369,-12.183283,-28.333510999999998,-15.157461999999999,-31.073240999999996,-11.58243,3,70,0,0,168,88,9,6,0,0,0.0
0,6,3,1,2,0,3,1.0,0.333333,0.666667,0.0,1.0,429,4,4,7,444,12.930661,27.439608000000003,24.55834,25.967903,12.922252,17,1,2,0,20,4,0,0,0,5,8,1,1,0,9,5.6666669999999995,0.333333,0.666667,0.0,6.6666669999999995,2.888889,0.22222199999999998,0.22222199999999998,0.0,2.888889,0.039626999999999996,0.25,0.5,0.0,0.045045,0.009323999999999999,0.0,0.0,0.0,0.011261,0.018647999999999998,0.25,0.25,0.0,0.02027,0.013209,0.083333,0.166667,0.0,0.015015,1.6e-05,0.013888999999999999,0.013888999999999999,0.0,1.4999999999999999e-05,83.06193499999999,8.896780999999999,16.611491,0.0,95.927883,3.841104,0.0,0.0,0.0,4.598256,61.142137,8.896780999999999,11.020044,0.0,68.738057,27.687312,2.965594,5.537164,0.0,31.975960999999998,593.397488,17.589489999999998,20.241701000000003,0.0,729.685733,1,0,0,0,1,0.9692850000000001,0.545424,0.8411049999999999,0.0,0.9762780000000001,35.956045,8.298675999999999,22.595207000000002,0.0,37.043878,-13.511087,-23.905904,-15.403881,-28.274139,-13.018055,-18.026989,-28.111492,-24.33309,-31.249584000000002,-17.567188,-13.417595,-26.699571000000002,-15.157461999999999,-31.073240999999996,-12.998578,3,56,3,0,129,88,7,6,0,0,0.0
1,6,3,0,3,0,3,1.0,0.0,1.0,0.0,1.0,493,0,16,7,516,12.930661,27.439608000000003,24.55834,25.967903,12.922252,34,0,5,0,39,8,0,1,0,9,16,0,2,0,18,11.333333,0.0,1.666667,0.0,13.0,11.555556,0.0,0.22222199999999998,0.0,14.0,0.068966,0.0,0.3125,0.0,0.075581,0.016227000000000002,0.0,0.0625,0.0,0.017442,0.032454000000000004,0.0,0.125,0.0,0.034884,0.022989,0.0,0.10416700000000001,0.0,0.025194,4.8e-05,0.0,0.000868,0.0,5.3e-05,141.139121,0.0,38.096635,0.0,159.264222,7.682208,0.0,11.020044,0.0,9.196512,72.314776,0.0,15.893698,0.0,81.32965300000001,47.046374,0.0,12.698878,0.0,53.088074,795.573401,0.0,5.107857,0.0,989.659309,1,0,1,0,1,0.9452370000000001,0.0,0.9452959999999999,0.0,0.9453159999999999,38.712806,0.0,20.610548,0.0,39.251965999999996,-11.641043,-25.537956,-8.992735,-28.274139,-11.334315,-16.161468,-29.812496000000003,-20.947078,-31.249584000000002,-15.795309,-11.758661,-28.333510999999998,-7.247014999999999,-31.073240999999996,-11.47815,3,26,0,3,124,7060,7,13,0,0,0.0
2,6,3,0,2,0,3,1.0,0.0,0.666667,0.0,1.0,683,0,4,6,693,12.930661,27.439608000000003,24.55834,25.967903,12.922252,33,0,2,0,35,5,0,0,0,6,21,0,1,0,22,11.0,0.0,0.666667,0.0,11.666667,50.666667,0.0,0.22222199999999998,0.0,53.555556,0.048316000000000005,0.0,0.5,0.0,0.050505,0.007320999999999999,0.0,0.0,0.0,0.008657999999999999,0.030747000000000003,0.0,0.25,0.0,0.031745999999999996,0.016105,0.0,0.166667,0.0,0.016835,0.000109,0.0,0.013888999999999999,0.0,0.00011200000000000001,195.976927,0.0,16.611491,0.0,204.252816,3.841104,0.0,0.0,0.0,4.598256,160.498109,0.0,11.020044,0.0,168.026361,65.325642,0.0,5.537164,0.0,68.084272,4657.674426,0.0,20.241701000000003,0.0,5115.980229,1,0,0,0,1,0.9388920000000001,0.0,0.8411049999999999,0.0,0.9364469999999999,38.274202,0.0,22.595207000000002,0.0,38.487365999999994,-13.230920000000001,-25.537956,-15.403881,-28.274139,-13.024286,-16.806567,-29.812496000000003,-24.33309,-31.249584000000002,-16.631193,-13.283714000000002,-28.333510999999998,-15.157461999999999,-31.073240999999996,-13.10037,1,53,2,11,124,84,11,7,0,0,0.0
2,6,3,2,2,0,3,1.0,0.666667,0.666667,0.0,1.0,872,10,4,7,893,12.930661,27.439608000000003,24.55834,25.967903,12.922252,25,2,2,0,29,5,0,0,0,6,13,1,1,0,15,8.333333,0.666667,0.666667,0.0,9.666667,11.555556,0.22222199999999998,0.22222199999999998,0.0,14.888889,0.028669999999999998,0.2,0.5,0.0,0.032475,0.005734,0.0,0.0,0.0,0.006719,0.014908000000000001,0.1,0.25,0.0,0.016797,0.009557,0.06666699999999999,0.166667,0.0,0.010825,1.4999999999999999e-05,0.002222,0.013888999999999999,0.0,1.9e-05,127.33188500000001,20.908927,16.611491,0.0,147.804321,5.377546,0.0,0.0,0.0,6.1310080000000005,99.355972,12.012146000000001,11.020044,0.0,114.563428,42.443962,6.9696419999999994,5.537164,0.0,49.268107,1668.9145740000001,25.90554,20.241701000000003,0.0,2205.0916899999997,1,0,0,0,1,0.9513530000000001,0.916317,0.8411049999999999,0.0,0.9538629999999999,34.678183000000004,10.262938,22.595207000000002,0.0,35.854365,-14.470526999999999,-15.019285,-15.403881,-28.274139,-14.039143,-17.557192,-22.659597,-24.33309,-31.249584000000002,-17.146435,-14.496959,-14.663676999999998,-15.157461999999999,-31.073240999999996,-14.110673,3,56,3,0,132,83,3,6,0,2,12.8
1,6,3,0,3,3,3,1.0,0.0,1.0,1.0,1.0,764,0,4,13,781,12.930661,27.439608000000003,24.55834,25.967903,12.922252,37,0,3,4,44,7,0,1,1,9,19,0,1,2,21,12.333333,0.0,1.0,1.333333,14.666667000000002,24.888889000000002,0.0,0.0,0.22222199999999998,24.222222,0.048429,0.0,0.75,0.307692,0.056338,0.009162,0.0,0.25,0.076923,0.011524,0.024869,0.0,0.25,0.153846,0.026889,0.016143,0.0,0.25,0.10256400000000002,0.018779,4.3e-05,0.0,0.0,0.001315,4e-05,185.300718,0.0,24.55834,32.080892999999996,211.78288999999998,8.450429,0.0,5.5914470000000005,8.920302000000001,10.729264,145.212575,0.0,11.020044,12.225980999999999,160.388799,61.766906000000006,0.0,8.186113,10.693631,70.594297,3571.198165,0.0,4.9402349999999995,1.8502869999999998,4180.882654,1,0,1,1,1,0.948857,0.0,1.0,0.9537899999999999,0.9592950000000001,37.903731,0.0,33.404634,23.082786,38.91857,-12.821837,-25.537956,-7.76518,-9.838198,-12.255962,-16.34552,-29.812496000000003,-21.963948000000002,-21.856866,-15.800869,-12.93725,-28.333510999999998,-4.474696,-7.317564,-12.411997,2,86,2,1,190,12811,4,4,14,1,19.4
3,6,3,0,3,0,3,1.0,0.0,1.0,0.0,1.0,837,0,9,13,859,12.930661,27.439608000000003,24.55834,25.967903,12.922252,65,0,5,0,70,19,0,1,0,20,26,0,2,0,28,21.666667,0.0,1.666667,0.0,23.333333,9.555556,0.0,0.22222199999999998,0.0,11.555556,0.077658,0.0,0.555556,0.0,0.08148999999999999,0.0227,0.0,0.11111099999999999,0.0,0.023283,0.031063,0.0,0.22222199999999998,0.0,0.032596,0.025886000000000003,0.0,0.185185,0.0,0.027163,1.4000000000000001e-05,0.0,0.0027429999999999998,0.0,1.6e-05,278.088502,0.0,38.096635,0.0,296.124304,15.364416,0.0,11.020044,0.0,16.860273,145.212575,0.0,15.893698,0.0,152.751237,92.696167,0.0,12.698878,0.0,98.708101,3117.991329,0.0,5.107857,0.0,3464.27617,1,0,1,0,1,0.989447,0.0,0.9452959999999999,0.0,0.987801,40.444055999999996,0.0,29.136356,0.0,40.663255,-11.081088000000001,-25.537956,-7.268614,-28.274139,-10.931854,-14.57646,-29.812496000000003,-20.936643,-31.249584000000002,-14.386303,-11.303589,-28.333510999999998,-5.521158,-31.073240999999996,-11.160992,2,49,0,6,266,34777,23,7,0,0,0.0
